,,,,,,,Percentile ratos,,,,,Income share,,,,,,
,,Earners,Median age of earners,Sum,Median,Mean,P80/P20,P80/P50,P20/P50,P10/P50,Gini coefficient,Top 1%,Top 5%,Top 10%,Lowest Quartile,Second Quartile,Third Quartile,Highest Quartile
LGA,LGA NAME,(persons),years,$,$,$,ratio,ratio,ratio,ratio,coef.,%,%,%,%,%,%,%
Australia ,,"1,40,69,082",42,"9,03,88,86,74,402","49,805","64,246",5.02,1.88,0.37,0.16,0.483,9.6,22.6,33.6,25.0,25.0,25.0,25.0
New South Wales,,"44,66,941",42,"3,00,17,69,88,652","50,153","67,200",5.11,1.91,0.37,0.16,0.499,11.2,24.5,35.5,25.0,24.7,24.4,26.0
10050,Albury,"29,898",43,"1,68,65,39,002","47,732","56,410",4.59,1.75,0.38,0.16,0.442,7.7,19.4,29.7,25.1,27.0,27.6,20.2
10130,Armidale Regional,"15,913",44,"82,86,31,202","42,220","52,073",5.56,1.91,0.34,0.13,0.480,7.5,20.0,31.3,30.1,28.0,23.2,18.7
10250,Ballina,"25,608",48,"1,38,05,01,523","42,246","53,909",5.49,1.91,0.35,0.13,0.488,8.8,22.1,33.2,29.6,28.6,23.1,18.7
10300,Balranald,"1,239",45,"6,93,45,495","46,868","55,969",4.09,1.73,0.42,0.16,0.456,6.3,20.5,31.9,24.8,29.1,28.1,18.1
10470,Bathurst Regional,"22,346",44,"1,30,18,20,483","49,633","58,257",4.74,1.81,0.38,0.16,0.437,5.8,17.5,28.2,24.1,26.0,26.0,23.9
10500,Bayside,"1,01,523",37,"6,09,32,77,110","49,445","60,019",4.60,1.82,0.40,0.19,0.445,6.6,18.8,29.8,24.6,25.8,26.0,23.6
10550,Bega Valley,"19,742",51,"91,57,83,256","38,318","46,388",5.70,1.89,0.33,0.12,0.474,6.4,19.0,30.4,32.7,30.1,22.9,14.4
10600,Bellingen,"6,953",51,"31,05,17,376","35,924","44,659",6.58,2.00,0.30,0.09,0.501,6.5,19.3,31.3,36.0,28.4,21.0,14.7
10650,Berrigan,"4,584",48,"21,28,46,180","40,157","46,432",5.56,1.83,0.33,0.11,0.482,5.8,18.1,29.5,31.8,28.4,24.8,15.0
10750,Blacktown,"1,95,437",38,"11,50,68,93,919","52,802","58,878",4.06,1.68,0.41,0.20,0.395,4.6,15.3,25.7,21.4,25.4,29.9,23.3
10800,Bland,"3,136",47,"15,59,14,366","40,816","49,718",6.43,1.97,0.31,0.08,0.550,8.2,21.8,33.6,31.1,27.7,22.6,18.7
10850,Blayney,"3,967",47,"22,38,64,442","47,530","56,432",5.08,1.87,0.37,0.13,0.487,7.8,19.7,30.8,25.7,26.8,25.3,22.2
10900,Blue Mountains,"46,244",47,"2,85,98,77,915","49,788","61,843",5.66,1.96,0.35,0.14,0.462,6.3,18.6,29.8,26.2,23.8,22.5,27.5
10950,Bogan,"1,547",45,"8,31,70,439","45,717","53,762",5.74,1.94,0.34,0.08,0.547,6.5,20.1,31.9,28.0,25.7,23.8,22.5
11150,Bourke,"1,313",43,"7,29,45,725","50,405","55,557",4.80,1.73,0.36,0.15,0.468,6.5,17.8,28.5,24.6,25.0,27.7,22.7
11200,Brewarrina,595,45,"2,79,40,239","44,520","46,958",6.08,1.77,0.29,0.08,0.506,4.2,16.6,28.1,28.4,27.7,27.5,16.4
11250,Broken Hill,"8,519",44,"50,57,42,189","50,628","59,366",4.66,1.85,0.40,0.18,0.427,5.3,16.3,27.0,22.8,26.3,25.7,25.1
11300,Burwood,"23,592",36,"1,32,99,26,689","40,562","56,372",5.73,2.09,0.37,0.15,0.511,9.3,23.0,34.9,31.5,26.5,21.2,20.8
11350,Byron,"21,963",45,"1,10,43,13,325","35,180","50,281",5.57,2.03,0.36,0.16,0.535,12.0,26.6,38.2,34.9,30.2,19.7,15.1
11400,Cabonne,"7,510",47,"43,26,80,810","45,679","57,614",5.86,1.89,0.32,0.11,0.515,10.3,23.1,34.2,28.5,25.2,24.7,21.7
11450,Camden,"53,683",39,"3,58,93,45,686","58,416","66,862",3.84,1.69,0.44,0.23,0.400,5.8,16.7,26.8,18.3,23.4,28.7,29.6
11500,Campbelltown,"88,044",39,"4,91,47,56,043","51,038","55,822",3.88,1.64,0.42,0.20,0.387,4.7,15.0,25.2,21.8,26.7,31.5,20.0
11520,Canada Bay,"56,812",41,"4,67,18,11,905","58,243","82,233",5.84,2.03,0.35,0.16,0.516,10.9,25.2,36.7,22.9,20.9,21.8,34.4
11570,Canterbury-Bankstown,"1,84,683",39,"9,87,55,68,162","43,786","53,473",4.60,1.85,0.40,0.19,0.446,6.6,18.6,29.7,28.0,28.0,25.2,18.8
11600,Carrathool,"1,713",43,"8,26,93,308","43,796","48,274",5.07,1.73,0.34,0.13,0.558,6.3,20.2,32.3,29.5,27.0,27.1,16.4
11650,Central Coast,"1,83,527",44,"10,56,24,10,860","47,148","57,552",4.88,1.85,0.38,0.15,0.453,7.0,19.3,30.2,25.8,27.0,25.2,22.1
11700,Central Darling,619,47,"3,92,55,925","48,952","63,418",5.15,1.94,0.38,0.16,0.533,6.9,24.4,35.9,23.3,27.7,23.8,25.2
11720,Cessnock,"27,971",41,"1,60,55,48,018","47,847","57,400",4.74,1.85,0.39,0.16,0.443,6.0,17.6,28.9,24.9,27.2,25.2,22.6
11730,Clarence Valley,"25,301",48,"1,18,30,63,498","39,211","46,760",5.80,1.88,0.32,0.10,0.470,6.4,18.5,29.8,31.9,30.2,22.5,15.3
11750,Cobar,"2,384",41,"16,56,41,908","57,158","69,481",5.65,2.00,0.35,0.11,0.459,4.9,16.7,27.7,22.7,21.9,20.1,35.2
11800,Coffs Harbour,"41,575",45,"2,10,13,88,097","41,618","50,545",5.17,1.84,0.36,0.13,0.465,7.1,19.7,30.9,29.7,29.6,24.0,16.7
12000,Coolamon,"2,397",48,"11,32,47,709","42,936","47,246",7.08,1.82,0.26,0.07,0.529,5.9,19.0,31.0,31.0,26.8,25.5,16.8
12150,Coonamble,"1,810",47,"8,78,97,383","43,036","48,562",5.87,1.88,0.32,0.07,0.641,9.0,24.0,36.2,28.8,28.3,24.4,18.5
12160,Cootamundra-Gundagai Regional,"5,760",48,"29,69,29,177","43,198","51,550",5.26,1.83,0.35,0.11,0.475,6.5,19.4,30.8,28.7,28.6,24.7,18.0
12350,Cowra,"6,484",47,"30,93,68,596","40,926","47,713",5.23,1.75,0.33,0.12,0.476,7.6,20.0,31.1,30.1,31.5,24.1,14.3
12380,Cumberland,"1,20,688",36,"6,09,02,21,362","41,783","50,463",4.60,1.87,0.41,0.19,0.437,5.6,17.4,28.5,29.2,28.8,24.8,17.2
12390,Dubbo Regional,"28,211",42,"1,58,09,75,461","48,782","56,041",4.48,1.76,0.39,0.16,0.438,6.2,17.5,28.0,24.2,26.8,27.5,21.4
12700,Dungog,"5,021",48,"26,78,47,798","42,515","53,346",6.13,2.05,0.33,0.09,0.497,6.3,19.0,30.9,29.8,27.1,21.2,21.9
12730,Edward River,"5,049",47,"25,10,66,599","43,785","49,726",4.99,1.79,0.36,0.12,0.475,6.0,17.9,29.1,28.4,27.9,26.4,17.3
12750,Eurobodalla,"20,293",52,"92,26,04,836","37,455","45,464",5.54,1.82,0.33,0.11,0.475,7.5,20.3,31.6,32.9,32.1,22.0,13.0
12850,Fairfield,"93,590",40,"4,70,44,53,857","43,555","50,267",4.36,1.74,0.40,0.20,0.423,5.7,17.1,27.8,28.0,29.2,27.0,15.9
12870,Federation,"7,020",49,"34,01,84,095","42,484","48,459",5.50,1.80,0.33,0.12,0.459,5.4,17.2,28.2,29.8,27.7,26.2,16.3
12900,Forbes,"5,003",45,"26,82,51,394","45,120","53,618",4.71,1.79,0.38,0.13,0.480,7.9,20.4,31.4,26.3,29.2,26.1,18.5
12930,Georges River,"94,730",40,"5,79,15,10,502","46,473","61,137",5.22,1.95,0.37,0.15,0.487,8.8,22.2,33.6,27.3,25.6,23.6,23.4
12950,Gilgandra,"2,153",47,"9,36,42,911","39,443","43,494",6.42,1.84,0.29,0.06,0.545,6.5,19.0,30.9,33.5,28.3,24.0,14.3
13010,Glen Innes Severn,"4,251",49,"18,27,17,359","35,574","42,982",6.88,1.91,0.28,0.07,0.504,6.5,19.2,31.1,35.9,28.9,22.2,13.0
13310,Goulburn Mulwaree,"16,211",45,"90,27,36,160","48,393","55,687",4.44,1.80,0.40,0.17,0.432,5.3,16.4,27.1,23.9,27.6,26.5,22.0
13340,Greater Hume Shire,"6,132",48,"31,99,59,385","43,670","52,179",5.33,1.84,0.34,0.11,0.472,7.1,19.5,30.6,28.6,28.1,24.8,18.5
13450,Griffith,"16,298",41,"87,70,47,828","47,102","53,813",4.17,1.68,0.40,0.19,0.426,6.5,18.1,28.6,24.8,28.4,29.2,17.7
13550,Gunnedah,"6,769",43,"41,55,77,976","49,173","61,394",5.44,2.02,0.37,0.14,0.490,6.3,19.2,31.2,25.2,25.5,23.8,25.5
13660,Gwydir,"2,510",48,"11,12,39,643","39,708","44,319",7.14,1.86,0.26,0.05,0.583,7.6,21.4,33.5,33.7,27.4,23.4,15.4
13800,Hawkesbury,"39,291",43,"2,46,68,05,351","52,890","62,783",4.30,1.76,0.41,0.20,0.428,6.8,18.4,28.8,21.6,25.4,27.1,25.9
13850,Hay,"1,695",47,"9,04,57,054","44,833","53,367",4.40,1.77,0.40,0.20,0.451,6.3,18.7,29.6,26.0,28.8,27.6,17.6
13910,Hilltops,"9,773",46,"49,95,72,405","43,083","51,118",4.97,1.78,0.36,0.13,0.477,6.7,19.9,31.4,28.1,29.8,25.4,16.7
14000,Hornsby,"94,446",45,"6,93,91,47,049","54,744","73,472",6.21,2.05,0.33,0.13,0.499,8.4,22.0,33.8,25.4,21.0,21.4,32.3
14100,Hunters Hill,"8,703",48,"1,19,43,83,976","70,458","1,37,238",7.88,2.45,0.31,0.13,0.636,18.5,38.2,50.4,21.3,18.0,16.9,43.9
14170,Inner West,"1,21,429",39,"10,29,86,47,812","62,468","84,812",5.10,1.93,0.38,0.19,0.492,9.5,23.8,35.2,19.9,20.3,23.4,36.4
14200,Inverell,"8,254",45,"39,23,68,461","41,976","47,537",4.99,1.68,0.34,0.12,0.480,7.4,20.0,31.0,30.0,29.8,26.6,13.7
14300,Junee,"3,009",45,"15,63,42,140","46,701","51,958",4.65,1.73,0.37,0.13,0.455,5.0,16.7,28.3,25.9,27.8,27.8,18.5
14350,Kempsey,"13,259",49,"58,15,84,772","37,679","43,863",5.77,1.81,0.31,0.09,0.478,6.6,18.8,30.3,33.6,31.1,22.7,12.6
14400,Kiama,"13,400",49,"84,09,89,277","47,586","62,760",6.50,2.07,0.32,0.11,0.495,8.0,21.2,32.8,28.2,23.5,21.5,26.9
14500,Ku-ring-gai,"80,429",48,"8,65,75,67,400","60,000","1,07,642",8.23,2.47,0.30,0.12,0.605,15.0,33.0,45.5,25.2,18.9,17.2,38.7
14550,Kyogle,"4,535",51,"17,96,81,928","31,959","39,621",7.55,1.95,0.26,0.05,0.538,8.8,21.6,33.5,40.1,29.2,20.0,10.7
14600,Lachlan,"3,309",44,"16,15,57,085","40,843","48,824",5.66,1.89,0.33,0.11,0.513,7.2,20.2,31.6,30.3,28.2,24.7,16.8
14650,Lake Macquarie,"1,12,593",44,"6,76,31,52,188","49,559","60,067",5.14,1.85,0.36,0.13,0.453,6.8,18.9,29.9,25.3,24.9,25.2,24.5
14700,Lane Cove,"25,499",41,"2,82,29,36,787","70,686","1,10,708",5.89,2.05,0.35,0.17,0.558,14.3,31.0,42.6,19.3,17.4,20.5,42.9
14750,Leeton,"6,184",44,"31,27,33,076","46,490","50,571",4.72,1.71,0.36,0.13,0.442,4.8,16.1,26.8,26.5,26.9,28.9,17.6
14850,Lismore,"23,601",46,"1,13,83,11,029","41,716","48,231",5.01,1.77,0.35,0.13,0.453,6.5,18.3,29.2,29.5,30.4,25.0,15.0
14870,Lithgow,"10,007",46,"57,09,12,843","46,086","57,051",5.60,2.01,0.36,0.12,0.468,5.1,17.5,29.5,27.3,26.0,23.1,23.6
14900,Liverpool,"1,07,293",39,"6,19,63,79,219","50,662","57,752",4.16,1.71,0.41,0.22,0.408,5.5,16.5,26.9,22.6,26.4,29.0,21.9
14920,Liverpool Plains,"3,935",48,"20,32,84,605","42,433","51,661",6.37,1.84,0.29,0.07,0.545,11.0,23.6,35.3,30.6,27.8,24.3,17.3
14950,Lockhart,"1,751",48,"8,78,04,922","44,199","50,146",5.60,1.78,0.32,0.11,0.492,7.0,19.0,30.3,30.6,25.5,26.3,17.6
15050,Maitland,"44,625",41,"2,80,69,09,520","52,421","62,900",4.68,1.83,0.39,0.16,0.437,6.6,17.9,28.8,22.5,24.9,26.1,26.5
15240,Mid-Coast,"44,297",51,"2,01,22,58,199","37,084","45,427",6.81,1.89,0.28,0.08,0.495,7.5,20.4,32.1,34.7,29.6,21.8,13.9
15270,Mid-Western Regional,"12,838",45,"75,61,92,841","45,213","58,903",6.34,2.13,0.34,0.10,0.501,6.7,19.2,31.6,28.2,26.2,20.8,24.8
15300,Moree Plains,"6,919",43,"43,38,70,984","48,857","62,707",4.82,1.73,0.36,0.13,0.623,17.8,31.8,42.2,25.9,24.9,28.4,20.8
15350,Mosman,"20,607",47,"3,43,75,06,498","75,311","1,66,813",7.89,2.45,0.31,0.14,0.670,21.8,43.2,55.5,20.1,16.4,17.3,46.2
15520,Murray River,"6,233",48,"33,00,66,222","42,998","52,955",5.35,1.82,0.34,0.11,0.490,9.0,21.8,32.8,29.3,27.7,25.6,17.4
15560,Murrumbidgee,"2,249",46,"11,43,01,074","43,894","50,823",4.41,1.75,0.40,0.14,0.523,7.4,21.8,32.9,27.1,29.4,27.0,16.6
15650,Muswellbrook,"8,424",42,"56,02,29,549","53,367","66,504",5.55,2.07,0.37,0.14,0.453,5.3,16.4,27.9,23.1,23.8,21.9,31.2
15700,Nambucca,"9,056",50,"39,16,41,998","35,870","43,247",6.61,1.90,0.29,0.08,0.491,7.0,19.5,31.1,35.5,30.1,21.5,12.9
15750,Narrabri,"7,269",45,"40,86,64,413","47,542","56,220",5.29,1.87,0.35,0.12,0.495,6.8,19.3,30.7,26.5,25.7,25.2,22.6
15800,Narrandera,"3,093",47,"14,21,55,568","42,210","45,960",5.87,1.77,0.30,0.07,0.498,6.2,18.0,29.2,30.8,27.5,26.6,15.1
15850,Narromine,"3,418",46,"17,36,81,486","44,020","50,814",5.42,1.81,0.33,0.09,0.505,7.0,19.8,31.1,29.2,27.2,25.5,18.1
15900,Newcastle,"91,558",41,"6,05,82,17,032","52,649","66,168",4.95,1.84,0.37,0.15,0.467,9.1,21.5,32.2,23.5,23.8,25.4,27.3
15950,North Sydney,"51,615",40,"5,89,85,86,716","76,063","1,14,280",5.50,1.97,0.36,0.17,0.546,15.2,30.5,41.4,17.8,16.2,20.2,45.8
15990,Northern Beaches,"1,74,481",45,"15,75,43,58,211","57,319","90,293",5.85,2.10,0.36,0.17,0.553,14.4,29.9,41.6,22.4,21.9,21.6,34.1
16100,Oberon,"2,943",48,"15,77,08,960","47,714","53,588",5.07,1.78,0.35,0.12,0.460,5.5,17.3,28.2,26.9,25.0,27.5,20.7
16150,Orange,"22,688",42,"1,43,46,88,362","51,430","63,236",4.69,1.83,0.39,0.17,0.454,8.5,20.5,31.0,23.2,25.1,26.3,25.3
16200,Parkes,"7,597",44,"39,23,32,284","44,128","51,643",5.40,1.88,0.35,0.12,0.469,5.3,17.2,28.7,28.2,27.9,24.2,19.8
16260,Parramatta,"1,46,880",38,"9,12,74,38,492","50,838","62,142",5.31,1.90,0.36,0.15,0.458,6.6,18.7,29.9,26.0,23.1,24.2,26.7
16350,Penrith,"1,15,989",39,"7,11,04,79,553","54,688","61,303",3.80,1.66,0.44,0.22,0.395,5.6,16.1,26.1,19.7,25.0,30.5,24.8
16380,Port Macquarie-Hastings,"43,386",48,"2,17,93,97,521","40,615","50,233",6.02,1.89,0.31,0.10,0.486,7.9,20.6,31.9,31.5,28.6,22.8,17.1
16400,Port Stephens,"38,018",46,"2,09,75,45,956","45,086","55,172",5.46,1.88,0.34,0.12,0.463,7.1,19.3,30.4,28.0,26.6,24.4,21.0
16490,Queanbeyan-Palerang Regional,"37,302",43,"2,70,14,22,949","63,094","72,420",3.81,1.67,0.44,0.22,0.410,6.0,17.4,27.8,17.0,21.1,28.5,33.4
16550,Randwick,"87,980",39,"7,59,62,30,493","60,208","86,340",5.55,1.95,0.35,0.16,0.525,12.4,27.5,38.7,21.9,20.5,22.3,35.3
16610,Richmond Valley,"11,197",46,"49,81,58,075","40,719","44,490",4.66,1.65,0.35,0.12,0.439,5.5,16.9,27.8,29.9,32.2,26.3,11.6
16700,Ryde,"76,127",39,"5,22,97,54,036","52,784","68,698",5.82,1.96,0.34,0.14,0.492,8.2,21.8,33.3,26.2,21.5,22.9,29.3
16900,Shellharbour,"37,952",42,"2,21,32,68,228","49,780","58,318",4.58,1.83,0.40,0.18,0.421,4.9,16.1,27.0,23.5,26.5,25.8,24.1
16950,Shoalhaven,"52,212",48,"2,60,27,37,117","40,880","49,849",5.28,1.88,0.36,0.13,0.463,6.6,19.1,30.3,29.9,29.9,23.3,16.9
17000,Singleton,"13,346",43,"93,57,47,648","54,700","70,114",5.95,2.10,0.35,0.13,0.475,6.6,18.3,29.6,23.6,22.8,20.3,33.3
17040,Snowy Monaro Regional,"12,129",46,"65,96,12,017","44,582","54,383",4.82,1.84,0.38,0.16,0.460,7.1,19.7,30.7,26.5,29.6,24.6,19.3
17080,Snowy Valleys,"7,916",47,"42,84,55,709","45,470","54,125",5.00,1.88,0.38,0.15,0.446,5.4,17.0,28.0,26.9,27.0,24.6,21.5
17100,Strathfield,"28,276",35,"1,85,98,94,858","46,484","65,776",5.22,1.99,0.38,0.17,0.516,12.4,26.2,37.4,27.3,25.5,23.1,24.1
17150,Sutherland Shire,"1,40,627",45,"10,58,59,31,808","57,835","75,277",4.96,1.87,0.38,0.17,0.477,9.6,22.5,33.5,21.4,22.2,24.0,32.5
17200,Sydney,"1,57,214",33,"12,85,49,64,329","54,628","81,767",6.35,2.08,0.33,0.15,0.552,14.3,29.0,40.4,26.3,20.5,20.7,32.5
17310,Tamworth Regional,"33,599",43,"1,81,17,92,394","47,207","53,924",4.63,1.72,0.37,0.14,0.451,6.8,18.4,29.3,25.8,27.1,28.1,18.9
17350,Temora,"3,372",49,"15,86,96,241","39,186","47,063",6.84,1.92,0.28,0.06,0.514,6.6,20.0,31.8,33.1,27.9,23.0,16.0
17400,Tenterfield,"3,113",54,"11,18,02,037","28,976","35,915",8.32,2.07,0.25,0.04,0.552,7.0,20.2,32.6,41.7,30.0,19.5,8.8
17420,The Hills Shire,"1,05,918",44,"8,17,08,68,055","56,709","77,143",5.83,2.00,0.34,0.14,0.504,10.1,23.5,34.9,23.8,21.1,21.5,33.5
17550,Tweed,"50,588",47,"2,58,53,33,029","40,994","51,106",5.15,1.89,0.37,0.14,0.473,7.8,20.6,31.7,29.8,29.8,23.4,17.0
17620,Upper Hunter Shire,"7,852",44,"46,95,96,490","47,313","59,806",5.33,1.99,0.37,0.13,0.491,8.0,20.1,32.1,26.2,26.7,23.7,23.5
17640,Upper Lachlan Shire,"4,634",50,"24,43,62,031","45,211","52,732",5.39,1.89,0.35,0.11,0.492,5.5,18.1,29.8,27.1,27.7,24.4,20.7
17650,Uralla,"3,411",48,"16,79,66,972","41,002","49,243",5.46,1.87,0.34,0.12,0.478,6.9,19.7,30.9,31.3,29.0,22.7,17.0
17750,Wagga Wagga,"36,355",42,"2,17,65,15,592","51,138","59,868",4.19,1.72,0.41,0.18,0.430,7.5,18.8,29.1,22.1,26.4,28.9,22.6
17850,Walcha,"1,822",51,"8,68,93,859","39,664","47,691",6.26,1.91,0.30,0.05,0.560,7.8,22.3,34.6,31.7,29.5,22.6,16.2
17900,Walgett,"2,605",44,"12,01,05,709","38,447","46,106",7.12,1.93,0.27,0.06,0.694,11.9,28.0,40.3,34.3,26.3,22.7,16.6
17950,Warren,"1,469",46,"8,42,55,432","46,512","57,356",5.46,1.81,0.33,0.11,0.545,9.0,23.8,35.2,26.9,26.5,24.9,21.7
18020,Warrumbungle Shire,"4,399",49,"20,37,80,818","38,009","46,324",6.81,1.93,0.28,0.05,0.543,8.4,21.7,33.8,33.7,29.0,22.0,15.4
18050,Waverley,"50,993",37,"5,47,11,00,368","63,934","1,07,291",6.21,2.14,0.34,0.18,0.583,16.8,33.9,45.3,21.1,19.8,20.1,39.1
18100,Weddin,"1,852",51,"9,43,48,088","41,625","50,944",5.87,1.94,0.33,0.11,0.516,6.5,21.0,32.9,31.3,27.4,22.7,18.7
18200,Wentworth,"3,456",46,"18,67,24,776","43,702","54,029",5.77,1.90,0.33,0.13,0.516,7.7,21.9,33.4,29.0,27.8,23.4,19.8
18250,Willoughby,"50,185",43,"5,13,59,49,986","60,792","1,02,340",7.31,2.31,0.32,0.13,0.585,14.2,31.5,43.7,24.1,19.0,18.7,38.3
18350,Wingecarribee,"29,511",49,"1,87,06,11,314","44,735","63,387",5.77,2.02,0.35,0.13,0.531,12.4,26.6,37.9,28.7,26.0,22.2,23.2
18400,Wollondilly,"29,666",43,"1,93,09,27,957","54,811","65,089",4.45,1.79,0.40,0.20,0.433,6.6,18.1,28.7,21.3,24.2,26.1,28.5
18450,Wollongong,"1,13,903",43,"7,13,85,41,170","50,484","62,672",5.27,1.90,0.36,0.15,0.459,7.0,19.3,30.4,25.1,24.3,24.0,26.6
18500,Woollahra,"39,772",44,"6,86,55,00,179","77,159","1,72,621",6.78,2.32,0.34,0.16,0.680,26.6,46.2,57.3,18.1,17.1,17.9,46.9
18710,Yass Valley,"10,173",47,"71,10,89,586","58,097","69,900",4.92,1.81,0.37,0.16,0.454,6.6,19.0,30.0,21.7,21.9,24.5,31.9
Victoria,,"36,03,810",41,"2,28,63,11,16,478","49,266","63,442",4.90,1.86,0.38,0.16,0.481,9.6,22.6,33.6,25.1,25.4,25.3,24.1
20110,Alpine,"7,546",49,"35,81,83,434","38,607","47,467",5.37,1.90,0.35,0.14,0.466,6.5,19.1,30.2,31.8,29.9,23.1,15.2
20260,Ararat,"6,215",47,"30,77,36,470","43,190","49,515",5.22,1.78,0.34,0.13,0.454,6.2,17.8,28.8,29.3,28.3,25.9,16.5
20570,Ballarat,"57,540",43,"3,32,99,07,939","47,859","57,871",4.66,1.78,0.38,0.16,0.453,8.4,20.3,30.8,25.2,26.8,26.8,21.2
20660,Banyule,"76,202",43,"5,37,19,75,506","54,519","70,497",5.19,1.89,0.37,0.16,0.479,9.4,22.1,33.2,23.4,22.7,24.0,30.0
20740,Bass Coast,"18,630",49,"87,55,34,430","37,559","46,996",5.65,1.92,0.34,0.13,0.482,6.6,20.0,31.7,33.4,30.0,21.8,14.8
20830,Baw Baw,"29,050",46,"1,56,62,02,330","44,473","53,914",5.17,1.88,0.36,0.14,0.463,6.0,18.7,30.0,27.9,27.5,24.4,20.2
20910,Bayside,"65,596",48,"6,92,87,88,067","61,075","1,05,628",7.29,2.35,0.32,0.14,0.590,15.2,32.6,44.5,23.3,19.6,18.4,38.7
21010,Benalla,"7,673",50,"36,63,91,060","41,382","47,751",5.49,1.80,0.33,0.11,0.462,5.8,17.9,29.0,30.9,28.4,25.4,15.3
21110,Boroondara,"1,15,441",45,"11,24,67,16,259","58,284","97,424",7.36,2.27,0.31,0.12,0.587,14.1,31.7,43.9,25.1,19.3,19.2,36.4
21180,Brimbank,"1,04,733",39,"5,34,60,02,556","44,657","51,044",4.29,1.73,0.40,0.19,0.418,5.3,16.7,27.4,26.7,29.2,27.5,16.5
21270,Buloke,"3,456",51,"17,37,89,186","40,377","50,286",6.46,1.94,0.30,0.09,0.501,6.7,20.5,32.0,33.1,25.0,24.3,17.6
21370,Campaspe,"21,378",47,"1,05,86,62,664","43,348","49,521",5.05,1.77,0.35,0.13,0.449,5.8,17.5,28.4,28.8,28.3,26.6,16.3
21450,Cardinia,"58,503",40,"3,35,96,05,863","49,998","57,426",4.04,1.71,0.42,0.20,0.414,6.0,17.2,27.6,22.2,27.5,29.0,21.2
21610,Casey,"1,79,915",39,"10,01,62,26,368","48,849","55,672",3.94,1.68,0.43,0.22,0.406,6.0,17.0,27.3,22.6,28.5,29.8,19.1
21670,Central Goldfields,"5,839",48,"25,49,81,439","38,497","43,669",5.49,1.74,0.32,0.12,0.445,5.8,17.5,28.3,32.1,31.6,25.1,11.2
21750,Colac-Otway,"13,013",46,"63,20,75,420","42,658","48,573",5.05,1.73,0.34,0.12,0.451,6.4,18.1,28.9,29.2,28.5,27.7,14.5
21830,Corangamite,"9,323",48,"43,21,02,045","39,678","46,348",5.69,1.85,0.32,0.12,0.491,6.2,18.7,30.1,32.0,28.7,23.9,15.4
21890,Darebin,"88,353",38,"5,61,27,03,509","51,258","63,526",4.75,1.84,0.39,0.19,0.449,6.9,19.4,30.4,23.6,25.0,25.3,26.2
22110,East Gippsland,"24,252",50,"1,11,16,96,970","38,352","45,839",5.67,1.85,0.33,0.11,0.475,6.5,19.0,30.4,32.7,30.1,23.0,14.2
22170,Frankston,"78,476",42,"4,50,63,23,021","50,037","57,423",4.17,1.71,0.41,0.19,0.415,5.8,17.1,27.6,22.8,26.9,29.1,21.2
22250,Gannawarra,"5,689",49,"26,34,03,941","39,492","46,301",5.74,1.81,0.32,0.09,0.497,7.6,20.2,31.5,31.4,30.4,24.5,13.8
22310,Glen Eira,"92,499",42,"7,08,91,88,944","55,256","76,641",5.70,2.02,0.35,0.15,0.508,9.8,23.9,35.7,23.9,21.7,22.1,32.2
22410,Glenelg,"10,907",48,"58,37,64,382","44,647","53,522",5.37,1.90,0.35,0.13,0.453,5.6,17.3,28.2,27.9,26.7,24.1,21.3
22490,Golden Plains,"13,317",45,"75,74,15,343","48,650","56,876",4.54,1.78,0.39,0.16,0.436,6.3,17.7,28.4,24.6,26.6,26.9,21.9
22620,Greater Bendigo,"63,107",44,"3,47,34,46,346","47,061","55,041",4.62,1.76,0.38,0.16,0.436,6.4,18.1,28.8,25.5,27.5,27.1,19.8
22670,Greater Dandenong,"82,443",37,"3,86,94,56,441","41,408","46,935",4.14,1.68,0.41,0.19,0.419,6.0,17.1,27.7,28.6,31.9,26.9,12.6
22750,Greater Geelong,"1,38,982",43,"8,24,34,82,999","48,258","59,313",4.83,1.83,0.38,0.16,0.456,7.6,20.0,30.9,25.3,26.3,25.7,22.7
22830,Greater Shepparton,"35,982",43,"1,84,59,30,547","44,307","51,301",4.67,1.75,0.38,0.16,0.442,6.3,18.2,28.8,27.7,28.3,27.0,17.0
22910,Hepburn,"8,527",50,"43,43,80,643","40,005","50,942",5.57,1.92,0.34,0.12,0.497,8.4,21.8,33.2,31.5,28.3,23.3,16.9
22980,Hindmarsh,"3,029",50,"17,07,33,395","46,228","56,366",4.92,1.75,0.36,0.14,0.471,8.0,21.5,32.6,26.5,27.5,27.1,18.9
23110,Hobsons Bay,"53,219",41,"3,74,42,75,831","56,246","70,356",4.68,1.84,0.39,0.19,0.452,7.3,19.8,31.0,21.2,23.0,25.5,30.3
23190,Horsham,"11,783",46,"62,24,46,508","46,597","52,826",4.58,1.72,0.38,0.14,0.430,5.7,17.3,27.9,26.0,27.6,28.2,18.1
23270,Hume,"1,08,651",38,"5,85,09,78,383","47,083","53,851",4.10,1.71,0.42,0.21,0.412,5.3,16.6,27.1,24.5,28.4,28.6,18.5
23350,Indigo,"9,787",49,"51,32,27,941","46,075","52,440",5.10,1.77,0.35,0.12,0.444,5.4,17.1,27.9,27.1,26.4,27.3,19.1
23430,Kingston,"94,050",43,"6,06,08,21,430","52,380","64,443",4.83,1.84,0.38,0.17,0.453,7.2,19.5,30.6,23.5,24.0,25.6,26.8
23670,Knox,"96,219",43,"5,59,83,72,417","49,534","58,184",4.61,1.78,0.39,0.17,0.435,5.9,17.7,28.6,24.4,25.9,27.1,22.7
23810,Latrobe,"38,088",44,"2,24,34,14,498","47,488","58,901",5.03,1.89,0.38,0.15,0.457,6.2,18.8,30.3,25.6,26.7,24.3,23.4
23940,Loddon,"3,843",51,"18,55,48,696","40,186","48,282",6.20,1.85,0.30,0.10,0.491,6.5,20.4,32.0,32.1,28.9,23.7,15.2
24130,Macedon Ranges,"28,586",46,"1,92,46,41,846","52,378","67,328",5.24,1.93,0.37,0.15,0.477,7.8,20.8,32.2,24.2,23.7,23.4,28.7
24210,Manningham,"74,564",47,"4,97,88,95,268","45,855","66,773",6.53,2.15,0.33,0.12,0.533,10.8,25.0,37.2,29.4,23.5,20.6,26.4
24250,Mansfield,"5,214",50,"24,65,40,901","38,450","47,284",5.25,1.90,0.36,0.13,0.471,5.8,18.9,30.6,31.8,30.4,22.7,15.2
24330,Maribyrnong,"51,991",36,"3,29,69,07,412","52,337","63,413",4.71,1.83,0.39,0.19,0.438,6.0,18.2,29.3,23.0,24.6,25.8,26.6
24410,Maroondah,"67,661",43,"4,09,56,01,127","50,897","60,531",4.77,1.81,0.38,0.16,0.437,5.7,17.6,28.7,24.0,24.9,26.2,24.9
24600,Melbourne,"93,580",32,"6,53,79,04,268","45,832","69,864",7.09,2.11,0.30,0.12,0.564,15.3,29.8,41.1,31.4,21.4,21.0,26.2
24650,Melton,"78,446",39,"4,52,97,82,233","51,292","57,744",3.93,1.68,0.43,0.22,0.396,5.1,15.8,26.1,21.4,26.9,29.9,21.8
24780,Mildura,"30,092",43,"1,52,82,17,083","44,017","50,785",4.56,1.74,0.38,0.16,0.448,6.5,18.5,29.1,27.1,29.7,27.0,16.2
24850,Mitchell,"23,844",42,"1,34,82,82,195","49,954","56,546",4.14,1.71,0.41,0.19,0.410,5.3,16.3,26.7,22.8,27.1,29.1,21.1
24900,Moira,"15,885",47,"74,37,66,238","40,902","46,822",5.63,1.83,0.32,0.11,0.469,5.7,17.6,28.7,30.9,28.7,25.1,15.3
24970,Monash,"1,10,654",42,"6,62,74,53,117","45,134","59,893",6.46,2.05,0.32,0.11,0.503,8.2,21.6,33.5,30.3,23.5,21.9,24.3
25060,Moonee Valley,"74,119",41,"5,44,70,65,852","56,666","73,491",5.13,1.88,0.37,0.17,0.476,8.5,21.7,33.1,22.3,22.0,24.5,31.3
25150,Moorabool,"19,247",44,"1,19,03,88,808","51,953","61,848",4.52,1.77,0.39,0.18,0.436,7.3,18.4,29.0,22.8,25.0,27.2,25.0
25250,Moreland,"1,02,635",36,"6,40,62,47,194","51,883","62,418",4.68,1.82,0.39,0.19,0.436,6.1,18.0,28.9,23.3,24.7,25.9,26.1
25340,Mornington Peninsula,"93,977",48,"5,85,50,75,189","45,701","62,303",5.31,1.97,0.37,0.15,0.501,10.2,23.9,35.3,27.0,26.8,23.0,23.3
25430,Mount Alexander,"10,112",50,"51,08,13,083","41,890","50,516",6.23,1.90,0.31,0.11,0.474,6.4,18.9,30.2,31.3,26.4,23.9,18.3
25490,Moyne,"10,000",47,"51,53,95,978","43,405","51,540",4.90,1.81,0.37,0.13,0.463,6.6,18.9,29.8,28.3,28.1,25.9,17.7
25620,Murrindindi,"8,097",49,"39,62,79,428","40,116","48,942",5.60,1.90,0.34,0.12,0.490,7.0,19.8,31.3,31.8,28.2,23.5,16.5
25710,Nillumbik,"40,468",46,"2,93,39,26,776","55,611","72,500",5.20,1.92,0.37,0.17,0.474,8.2,21.2,32.6,22.5,23.0,22.9,31.6
25810,Northern Grampians,"6,431",48,"31,09,58,962","42,116","48,353",5.33,1.77,0.33,0.12,0.450,5.7,17.8,28.7,30.3,28.0,26.5,15.3
25900,Port Phillip,"74,695",37,"6,74,00,46,796","62,315","90,234",5.32,1.96,0.37,0.18,0.525,12.9,27.8,39.0,20.4,19.8,23.3,36.4
25990,Pyrenees,"3,620",49,"16,70,01,850","38,503","46,133",6.15,1.88,0.31,0.10,0.504,7.1,19.8,31.3,33.6,28.1,23.7,14.7
26080,Queenscliffe,"1,990",59,"12,43,18,219","39,498","62,471",8.76,2.38,0.27,0.10,0.573,12.7,27.5,39.8,35.6,21.8,18.0,24.6
26170,South Gippsland,"16,512",49,"79,85,13,721","39,315","48,360",5.75,1.93,0.34,0.12,0.487,6.3,19.3,30.9,32.3,28.1,23.0,16.5
26260,Southern Grampians,"9,550",48,"50,00,22,476","42,821","52,358",5.16,1.82,0.35,0.13,0.484,9.6,21.7,32.6,28.7,29.2,25.0,17.1
26350,Stonnington,"76,418",38,"8,30,86,73,374","64,514","1,08,727",5.93,2.08,0.35,0.16,0.590,18.2,35.3,46.3,20.7,18.7,22.1,38.5
26430,Strathbogie,"5,980",51,"29,15,70,482","41,407","48,758",5.66,1.81,0.32,0.09,0.489,6.7,19.8,31.2,31.1,28.2,25.1,15.6
26490,Surf Coast,"20,093",46,"1,29,32,84,909","48,467","64,365",5.59,1.98,0.35,0.14,0.498,9.1,22.5,34.0,26.5,24.6,22.3,26.6
26610,Swan Hill,"11,730",44,"62,30,50,480","45,151","53,116",4.57,1.73,0.38,0.17,0.455,7.3,19.9,30.7,26.6,29.1,27.1,17.2
26670,Towong,"3,661",52,"17,27,83,418","39,341","47,196",5.66,1.88,0.33,0.11,0.481,6.8,19.0,30.3,32.3,28.1,24.1,15.5
26700,Wangaratta,"16,474",47,"84,81,72,946","43,804","51,486",5.08,1.78,0.35,0.13,0.456,7.7,19.3,29.9,28.2,28.5,26.0,17.3
26730,Warrnambool,"20,445",43,"1,18,74,29,858","46,605","58,079",4.52,1.74,0.38,0.17,0.465,11.7,23.0,32.9,25.8,27.7,27.9,18.6
26810,Wellington,"23,056",47,"1,23,91,56,904","43,267","53,746",5.67,1.93,0.34,0.12,0.495,6.3,20.2,32.0,29.4,27.0,23.5,20.1
26890,West Wimmera,"2,361",51,"12,53,10,557","43,252","53,075",5.41,1.95,0.36,0.12,0.497,6.1,19.7,31.3,28.5,27.9,23.9,19.8
26980,Whitehorse,"1,00,215",43,"6,23,77,45,057","46,165","62,244",6.52,2.08,0.32,0.12,0.505,8.0,21.8,33.8,29.6,23.1,21.4,25.9
27070,Whittlesea,"1,13,717",38,"6,25,69,35,538","48,592","55,022",4.08,1.70,0.42,0.21,0.402,4.9,15.8,26.3,23.2,28.1,28.9,19.7
27170,Wodonga,"23,169",42,"1,26,65,17,794","49,253","54,664",4.09,1.66,0.41,0.18,0.403,5.3,16.1,26.2,23.3,27.3,30.3,19.1
27260,Wyndham,"1,34,914",37,"7,77,87,55,537","50,282","57,657",4.25,1.73,0.41,0.20,0.412,5.0,16.3,27.0,23.0,26.4,28.4,22.2
27350,Yarra,"62,165",35,"5,20,82,48,204","63,503","83,781",4.83,1.85,0.38,0.19,0.483,9.5,23.6,34.7,19.4,19.9,24.5,36.2
27450,Yarra Ranges,"91,872",44,"5,41,00,97,846","49,136","58,887",4.45,1.78,0.40,0.18,0.439,7.0,18.8,29.5,23.8,26.9,26.9,22.4
27630,Yarriambiack,"3,624",51,"21,06,61,274","45,898","58,129",5.50,1.85,0.34,0.14,0.485,7.0,21.4,33.0,27.8,25.8,25.3,21.2
Queensland,,"27,98,990",42,"1,70,23,14,14,179","48,826","60,819",4.83,1.84,0.38,0.16,0.466,8.2,20.7,31.7,24.9,26.0,25.6,23.4
30250,Aurukun,352,40,"1,35,03,847","23,591","38,363",8.17,2.94,0.36,0.18,0.513,np,17.5,31.8,48.7,23.9,13.0,14.4
30300,Balonne,"2,609",43,"12,62,29,757","42,132","48,382",5.05,1.83,0.36,0.12,0.594,9.0,22.8,34.7,29.5,27.1,26.7,16.6
30370,Banana,"8,205",44,"50,60,51,525","49,898","61,676",5.99,2.06,0.34,0.11,0.513,5.7,18.0,30.6,25.7,24.2,22.9,27.2
30410,Barcaldine,"1,718",46,"9,13,94,606","45,003","53,198",5.93,1.93,0.33,0.08,0.582,7.9,22.2,34.4,28.1,25.8,24.8,21.3
30450,Barcoo,169,45,"1,03,36,516","49,068","61,163",np,np,np,np,0.457,np,20.5,31.2,23.4,26.9,28.7,21.1
30760,Blackall-Tambo,"1,051",46,"5,33,80,247","42,585","50,790",4.66,1.77,0.38,0.12,0.529,8.3,21.5,33.4,28.4,29.3,25.8,16.5
30900,Boulia,206,41,"1,18,09,356","51,576","57,327",2.84,1.55,0.55,0.28,0.423,np,15.2,26.3,17.5,30.6,33.5,18.4
31000,Brisbane,"7,41,548",39,"52,32,09,22,949","53,602","70,556",5.17,1.89,0.37,0.16,0.489,9.8,23.4,34.5,23.7,22.9,24.6,28.8
31750,Bulloo,179,43,"1,18,17,875","60,410","66,022",np,np,np,np,0.416,np,20.4,30.1,17.5,23.7,38.4,20.3
31820,Bundaberg,"46,716",46,"2,33,24,51,795","40,983","49,928",5.92,1.89,0.32,0.11,0.477,7.3,19.7,31.0,31.1,28.1,23.6,17.1
31900,Burdekin,"9,813",46,"54,26,50,966","47,772","55,299",4.53,1.78,0.39,0.17,0.430,5.2,16.7,27.4,24.6,27.2,26.6,21.6
31950,Burke,185,39,"1,02,45,933","48,420","55,383",np,np,np,np,0.392,np,15.8,26.1,21.3,31.7,27.3,19.7
32080,Cairns,"93,712",42,"5,45,51,34,609","48,546","58,212",4.27,1.77,0.42,0.20,0.432,6.9,18.8,29.4,23.3,28.2,27.1,21.5
32250,Carpentaria,"1,027",42,"5,31,43,440","46,527","51,746",4.49,1.79,0.40,0.17,0.410,3.6,14.4,25.4,25.3,28.8,26.2,19.6
32260,Cassowary Coast,"15,952",46,"76,48,47,837","40,593","47,947",4.87,1.80,0.37,0.14,0.457,6.2,18.5,29.8,29.6,31.7,23.8,14.9
32270,Central Highlands,"15,877",39,"1,18,22,99,587","58,694","74,466",5.57,2.05,0.37,0.17,0.472,6.2,18.1,29.7,21.6,21.8,21.8,34.8
32310,Charters Towers,"5,646",44,"31,36,93,452","47,434","55,560",5.42,1.89,0.35,0.13,0.484,5.7,17.9,29.4,26.4,25.7,24.5,23.3
32330,Cherbourg,222,39,"83,34,512","34,938","37,543",4.12,1.61,0.39,0.23,0.384,np,14.2,24.5,36.1,35.6,23.3,5.0
32450,Cloncurry,"1,604",38,"11,86,47,491","61,057","73,970",4.07,1.82,0.45,0.21,0.432,7.3,18.4,28.6,17.3,22.1,25.4,35.2
32500,Cook,"2,175",44,"10,81,39,609","41,905","49,719",4.93,1.82,0.37,0.18,0.456,6.6,18.4,29.3,29.4,29.1,25.1,16.4
32600,Croydon,132,42,"61,45,877","38,553","46,560",np,np,np,np,0.522,np,20.4,32.0,34.6,26.9,20.8,17.7
32750,Diamantina,161,40,"1,05,29,985","57,695","65,404",np,np,np,np,0.365,np,15.9,25.8,14.6,25.3,36.7,23.4
32770,Doomadgee,413,37,"1,58,82,767","28,909","38,457",7.81,2.31,0.30,0.17,0.475,np,16.3,29.0,43.5,26.1,18.1,12.3
32810,Douglas,"7,613",45,"36,11,54,136","40,379","47,439",4.21,1.73,0.41,0.20,0.438,6.3,18.4,29.5,28.5,33.8,24.0,13.7
33100,Etheridge,467,47,"2,11,55,080","38,008","45,300",6.70,2.01,0.30,0.02,0.668,np,25.3,37.6,35.5,24.0,24.4,16.1
33200,Flinders,965,45,"4,28,16,435","40,507","44,369",6.08,1.98,0.33,0.05,0.725,7.4,23.5,37.0,29.7,30.5,21.6,18.2
33220,Fraser Coast,"46,702",48,"2,25,61,50,672","40,059","48,310",5.93,1.88,0.32,0.10,0.472,6.9,19.2,30.5,31.6,29.0,23.5,16.0
33360,Gladstone,"32,885",43,"2,28,24,89,559","55,063","69,408",6.51,2.06,0.32,0.12,0.473,5.3,17.6,29.3,25.1,21.3,19.9,33.8
33430,Gold Coast,"3,52,667",42,"20,50,53,36,567","45,513","58,144",4.66,1.86,0.40,0.18,0.471,9.3,22.0,32.9,26.1,28.5,24.9,20.5
33610,Goondiwindi,"6,343",43,"32,10,60,685","44,406","50,617",4.48,1.75,0.39,0.15,0.493,7.8,19.9,30.7,27.9,27.8,27.4,16.9
33620,Gympie,"24,510",47,"1,10,37,19,176","37,443","45,031",6.41,1.93,0.30,0.08,0.489,6.1,18.8,30.6,33.9,29.7,21.8,14.6
33800,Hinchinbrook,"6,017",50,"32,52,69,805","47,273","54,058",4.74,1.79,0.38,0.14,0.429,5.3,16.5,27.0,25.2,27.6,26.3,21.0
33830,Hope Vale,339,38,"1,43,75,825","34,687","42,407",6.63,1.99,0.30,0.13,0.450,np,14.9,27.3,33.7,33.1,19.8,13.3
33960,Ipswich,"1,09,295",39,"6,12,61,04,603","51,038","56,051",3.86,1.64,0.42,0.20,0.391,4.9,15.4,25.5,21.7,26.8,31.4,20.1
33980,Isaac,"10,930",38,"92,48,77,978","70,645","84,618",6.06,2.07,0.34,0.15,0.448,4.8,15.3,26.1,19.7,17.9,19.0,43.4
34420,Kowanyama,356,40,"1,23,16,372","24,354","34,597",6.92,2.17,0.31,0.18,0.488,np,18.1,31.5,48.2,29.0,13.2,9.6
34530,Livingstone,"20,389",46,"1,29,41,39,921","50,269","63,472",5.66,2.00,0.35,0.14,0.469,5.9,18.3,30.0,25.3,24.2,22.0,28.4
34570,Lockhart River,243,39,"90,85,763","29,043","37,390",9.29,2.02,0.22,0.11,0.512,np,20.7,33.6,43.0,31.6,14.8,10.7
34580,Lockyer Valley,"21,680",42,"1,08,98,31,028","42,615","50,269",5.00,1.79,0.36,0.15,0.453,7.2,18.5,29.3,28.8,28.9,25.8,16.5
34590,Logan,"1,68,600",40,"9,11,32,48,974","48,650","54,052",3.95,1.65,0.42,0.20,0.398,5.0,15.8,26.1,23.0,28.4,30.3,18.3
34710,Longreach,"2,320",44,"12,52,78,054","49,644","53,999",4.48,1.71,0.38,0.12,0.500,6.8,18.8,29.7,24.4,25.7,29.1,20.8
34770,Mackay,"68,966",43,"4,73,07,51,266","56,171","68,595",4.88,1.92,0.39,0.17,0.439,5.4,16.7,28.0,21.1,23.3,23.3,32.2
34800,McKinlay,511,44,"3,03,96,958","50,450","59,485",3.79,1.69,0.45,0.19,0.593,11.9,25.8,37.7,20.7,28.7,30.9,19.7
34830,Mapoon,76,38,"36,23,849","44,383","47,682",np,np,np,np,np,np,np,np,24.4,34.6,29.5,11.5
34860,Maranoa,"7,533",43,"41,21,43,346","47,174","54,712",4.94,1.82,0.37,0.11,0.507,6.7,19.4,30.9,25.9,26.7,25.6,21.9
34880,Mareeba,"12,020",45,"57,85,04,639","39,721","48,129",5.45,1.89,0.35,0.14,0.473,6.1,18.7,30.2,31.2,29.1,24.0,15.8
35010,Moreton Bay,"2,46,071",42,"14,23,45,55,046","49,324","57,847",4.47,1.76,0.39,0.17,0.432,6.1,17.9,28.7,24.0,26.5,27.6,21.9
35250,Mornington,318,39,"1,61,26,681","39,591","50,713",5.37,2.10,0.39,0.20,0.435,np,16.6,28.0,27.8,32.8,19.7,19.7
35300,Mount Isa,"10,968",37,"86,03,15,031","68,623","78,439",4.21,1.80,0.43,0.22,0.398,5.2,14.9,24.9,16.3,20.0,23.4,40.2
35600,Murweh,"2,423",43,"12,33,81,839","46,181","50,921",4.35,1.68,0.39,0.13,0.495,6.7,18.8,30.0,26.5,28.2,28.2,17.1
35670,Napranum,291,40,"1,34,22,558","36,503","46,126",7.38,2.17,0.29,0.13,0.445,np,13.0,25.1,35.0,25.5,21.4,18.0
35740,Noosa,"33,514",49,"1,85,01,36,840","39,192","55,205",5.76,2.05,0.36,0.13,0.525,11.1,25.6,37.2,31.8,29.4,20.3,18.6
35760,North Burnett,"5,534",47,"23,51,13,616","34,137","42,485",6.49,1.93,0.30,0.09,0.530,7.2,21.0,33.5,36.7,30.2,20.5,12.6
35780,Northern Peninsula Area,893,37,"4,15,09,779","40,097","46,484",4.00,1.77,0.44,0.24,0.395,3.3,14.6,25.8,27.0,36.0,22.4,14.5
35790,Palm Island,590,39,"2,83,02,874","42,228","47,971",4.93,1.69,0.34,0.17,0.419,4.9,17.1,27.3,28.4,32.3,27.2,12.1
35800,Paroo,764,48,"3,23,69,287","39,538","42,368",5.44,1.92,0.35,0.07,0.595,4.6,17.9,30.3,29.4,30.7,25.2,14.8
36070,Pormpuraaw,233,41,"82,86,215","26,794","35,563",6.68,2.09,0.31,0.16,0.499,np,17.5,31.7,44.8,30.9,13.5,10.9
36150,Quilpie,516,46,"2,45,60,481","43,818","47,598",4.69,1.81,0.39,0.10,0.555,4.2,16.8,29.0,26.6,28.8,26.4,18.1
36250,Redland,"90,570",45,"5,64,96,64,595","51,173","62,379",4.60,1.80,0.39,0.17,0.449,7.6,19.7,30.5,23.3,25.3,26.7,24.7
36300,Richmond,494,42,"2,65,96,430","48,022","53,839",4.03,1.64,0.41,0.15,0.518,np,21.2,32.4,23.8,29.0,30.4,16.7
36370,Rockhampton,"41,500",41,"2,53,50,68,562","51,914","61,086",4.57,1.79,0.39,0.17,0.432,6.2,17.5,28.3,22.8,25.0,27.1,25.1
36510,Scenic Rim,"22,560",47,"1,15,56,71,869","42,457","51,227",5.46,1.89,0.35,0.12,0.470,6.5,18.7,30.0,29.5,28.0,23.9,18.6
36580,Somerset,"12,267",45,"61,32,97,948","44,260","49,996",5.12,1.77,0.35,0.12,0.450,5.5,17.0,27.8,28.2,27.5,26.9,17.4
36630,South Burnett,"15,104",46,"71,39,80,336","39,974","47,271",6.09,1.87,0.31,0.09,0.484,5.9,18.4,30.4,32.3,28.6,23.1,16.0
36660,Southern Downs,"19,156",46,"83,42,83,785","37,782","43,552",5.48,1.79,0.33,0.11,0.476,6.5,18.6,30.0,33.4,30.9,23.4,12.3
36720,Sunshine Coast,"1,86,016",45,"10,35,06,82,963","43,817","55,644",5.21,1.90,0.37,0.14,0.477,7.9,21.1,32.4,28.1,28.0,23.8,20.1
36820,Tablelands,"13,675",49,"66,24,50,657","39,353","48,442",6.10,1.94,0.32,0.10,0.495,6.5,19.7,31.5,32.4,28.6,22.2,16.8
36910,Toowoomba,"92,300",43,"5,22,92,95,833","48,226","56,655",4.82,1.77,0.37,0.13,0.456,7.5,19.4,30.1,25.6,26.1,27.3,21.0
36950,Torres,"1,806",40,"11,38,14,466","55,467","63,020",3.89,1.69,0.44,0.23,0.394,5.5,15.5,25.6,19.2,24.4,29.3,27.0
36960,Torres Strait Island,"1,007",38,"4,41,72,041","39,809","43,865",3.70,1.61,0.44,0.19,0.389,4.6,15.5,26.1,25.1,42.1,21.9,10.9
37010,Townsville,"1,06,596",41,"6,69,23,05,603","54,163","62,782",4.06,1.70,0.42,0.19,0.417,6.7,17.8,28.0,20.7,25.0,28.9,25.4
37300,Weipa,"2,345",37,"21,49,39,998","82,098","91,659",3.20,1.55,0.48,0.25,0.382,10.0,18.4,27.1,11.7,14.9,24.3,49.0
37310,Western Downs,"17,778",43,"92,78,14,839","44,596","52,189",5.72,1.86,0.32,0.10,0.498,6.0,19.0,30.8,29.2,26.1,25.0,19.7
37340,Whitsunday,"20,738",42,"1,17,42,44,209","45,686","56,623",4.47,1.87,0.42,0.19,0.453,6.8,19.0,30.6,24.8,29.9,24.7,20.6
37400,Winton,682,45,"3,25,87,077","44,431","47,782",4.48,1.83,0.41,0.11,0.590,7.6,20.3,31.9,25.5,30.7,25.2,18.6
37550,Woorabinda,252,39,"1,23,89,922","38,527","49,166",4.23,1.77,0.42,0.22,0.442,np,20.6,31.9,27.3,35.3,24.1,13.3
37570,Wujal Wujal,100,42,"44,14,681","41,389","44,147",np,np,np,np,np,np,np,np,28.9,39.2,19.6,12.4
37600,Yarrabah,515,38,"2,16,28,317","41,245","41,997",4.43,1.53,0.34,0.17,0.399,4.4,14.8,25.4,31.3,36.3,22.4,10.0
South Australia,,"9,57,802",44,"55,84,31,91,237","48,354","58,303",4.61,1.78,0.39,0.16,0.455,7.8,20.1,30.8,24.8,26.7,27.0,21.5
40070,Adelaide,"13,088",39,"1,00,87,98,009","50,793","77,078",7.27,2.10,0.29,0.10,0.567,13.1,29.5,41.5,28.5,20.7,21.1,29.8
40120,Adelaide Hills,"24,914",48,"1,74,22,10,951","52,564","69,929",5.35,1.91,0.36,0.14,0.500,9.9,24.0,35.2,24.6,23.3,23.4,28.8
40150,Adelaide Plains,"4,923",45,"27,23,28,163","48,195","55,318",4.04,1.73,0.43,0.20,0.416,5.6,16.8,27.2,22.5,29.3,28.3,19.9
40220,Alexandrina,"14,251",50,"67,41,72,859","38,502","47,307",5.98,1.92,0.32,0.11,0.480,6.8,19.5,31.0,32.8,29.0,22.7,15.4
40250,Anangu Pitjantjatjara,190,36,"79,41,843","26,471","41,799",np,np,np,np,0.496,np,18.0,31.8,42.9,24.1,17.8,15.2
40310,Barossa,"14,061",47,"78,61,44,764","48,581","55,910",4.55,1.74,0.38,0.15,0.434,6.2,17.7,28.3,24.6,26.7,27.9,20.8
40430,Barunga West,"1,192",52,"6,48,41,843","44,252","54,398",7.08,1.97,0.28,0.07,0.510,5.9,20.3,32.6,30.5,24.8,23.3,21.4
40520,Berri and Barmera,"5,652",47,"27,22,04,673","43,187","48,161",4.33,1.68,0.39,0.15,0.423,5.6,16.8,27.3,27.4,30.6,28.4,13.6
40700,Burnside,"29,757",49,"2,58,00,35,102","56,765","86,703",6.63,2.10,0.32,0.12,0.554,11.5,28.3,40.5,25.0,20.0,20.2,34.8
40910,Campbelltown,"29,910",44,"1,66,92,66,782","47,217","55,810",4.96,1.82,0.37,0.15,0.443,6.0,17.8,28.8,26.5,26.1,25.8,21.6
41010,Ceduna,"2,078",44,"11,31,11,225","48,215","54,433",4.58,1.72,0.37,0.17,0.429,5.4,16.7,27.2,24.3,27.0,28.7,20.0
41060,Charles Sturt,"67,353",43,"3,93,98,78,459","50,223","58,496",4.46,1.75,0.39,0.17,0.473,7.4,19.5,30.3,23.7,25.9,27.7,22.8
41140,Clare and Gilbert Valleys,"5,325",49,"27,99,88,021","43,166","52,580",5.14,1.88,0.36,0.12,0.469,6.1,19.3,30.8,28.2,28.5,24.7,18.6
41190,Cleve,"1,045",48,"4,86,68,246","39,306","46,572",8.29,1.90,0.23,0.02,0.603,7.3,23.0,35.3,33.0,26.2,24.0,16.8
41330,Coober Pedy,751,44,"3,53,81,122","44,081","47,112",5.23,1.65,0.32,0.12,0.422,4.1,15.1,26.0,29.1,28.2,28.6,14.1
41560,Copper Coast,"6,938",49,"33,37,66,617","40,118","48,107",5.54,1.86,0.34,0.12,0.467,6.0,18.6,30.0,30.3,30.0,23.6,16.1
41750,Elliston,591,48,"2,56,63,768","35,781","43,424",8.50,2.19,0.26,0.03,0.652,5.3,21.2,35.4,35.9,25.1,21.5,17.5
41830,Flinders Ranges,910,50,"5,01,74,680","46,585","55,137",5.91,1.87,0.32,0.08,0.460,4.8,17.4,28.9,27.9,25.2,23.9,23.0
41960,Franklin Harbour,663,49,"3,35,17,459","40,195","50,554",6.66,2.08,0.31,0.08,0.508,5.8,19.9,31.8,29.0,31.7,19.8,19.5
42030,Gawler,"12,704",44,"69,46,13,286","48,960","54,677",3.96,1.68,0.42,0.19,0.400,5.1,15.7,25.9,22.5,28.4,29.6,19.5
42110,Goyder,"2,117",50,"10,85,29,688","40,778","51,266",5.94,1.86,0.31,0.08,0.517,10.9,24.0,34.9,31.5,28.4,23.7,16.4
42250,Grant,"4,098",47,"23,46,87,916","49,209","57,269",4.50,1.74,0.39,0.16,0.451,7.2,19.0,29.6,24.7,26.1,27.6,21.6
42600,Holdfast Bay,"23,639",48,"1,66,12,95,045","53,474","70,278",5.18,1.90,0.37,0.14,0.488,9.1,22.9,34.3,23.7,23.0,24.5,28.8
42750,Kangaroo Island,"2,783",50,"12,64,89,021","36,571","45,451",5.20,1.87,0.36,0.13,0.485,6.2,20.0,31.9,31.9,33.3,21.3,13.4
43080,Karoonda East Murray,540,50,"2,05,36,437","32,857","38,030",10.84,1.99,0.18,0.02,0.587,5.2,19.4,32.4,38.1,28.3,22.1,11.5
43220,Kimba,604,48,"2,96,40,264","40,059","49,073",7.39,1.99,0.27,0.03,0.569,6.3,20.7,34.0,31.7,26.4,23.8,18.2
43360,Kingston,"1,279",50,"7,41,96,749","46,437","58,012",5.08,1.83,0.36,0.18,0.487,7.5,22.6,33.7,27.1,27.1,24.7,21.1
43650,Light,"8,714",45,"49,92,54,317","50,869","57,293",4.08,1.70,0.42,0.19,0.410,5.0,16.1,26.6,22.1,26.8,29.3,21.9
43710,Lower Eyre Peninsula,"3,073",47,"16,41,22,342","44,802","53,408",4.81,1.83,0.38,0.13,0.471,5.8,18.8,30.2,26.6,28.8,25.2,19.4
43790,Loxton Waikerie,"6,233",47,"30,39,04,532","42,214","48,757",4.58,1.73,0.38,0.15,0.442,5.7,18.2,29.0,27.3,31.3,27.0,14.4
44000,Maralinga Tjarutja,np,np,np,np,np,np,np,np,np,np,np,np,np,np,np,np,np
44060,Marion,"52,672",42,"2,94,62,40,552","49,664","55,936",4.44,1.72,0.39,0.17,0.414,5.3,16.2,26.7,24.1,26.1,28.6,21.3
44210,Mid Murray,"4,230",51,"18,92,18,229","38,628","44,732",5.85,1.84,0.31,0.09,0.471,5.8,18.0,29.4,32.9,29.3,24.8,13.0
44340,Mitcham,"41,073",46,"2,85,05,02,702","53,864","69,401",5.49,1.91,0.35,0.14,0.483,8.9,22.0,33.2,24.5,22.1,23.4,29.9
44550,Mount Barker,"20,621",44,"1,18,88,47,881","48,793","57,652",4.50,1.79,0.40,0.17,0.438,6.6,18.2,28.9,24.0,27.0,26.8,22.2
44620,Mount Gambier,"14,868",44,"79,17,33,255","47,905","53,251",3.98,1.65,0.41,0.18,0.406,5.7,16.6,26.7,23.7,28.7,30.2,17.4
44830,Mount Remarkable,"1,499",52,"7,39,62,625","41,095","49,341",7.27,2.00,0.27,0.05,0.522,5.5,18.9,31.1,32.5,24.7,23.6,19.2
45040,Murray Bridge,"10,928",44,"49,77,73,862","41,407","45,550",4.40,1.65,0.38,0.15,0.422,5.3,16.5,27.1,28.8,32.0,27.2,12.1
45090,Naracoorte and Lucindale,"5,472",44,"29,07,15,935","44,007","53,128",4.80,1.74,0.36,0.14,0.480,8.5,22.0,32.7,28.0,29.1,26.8,16.1
45120,Northern Areas,"2,507",49,"14,16,60,376","45,082","56,506",5.65,1.88,0.33,0.10,0.498,9.0,21.9,32.9,27.7,26.1,25.4,20.8
45290,Norwood Payneham St Peters,"22,480",44,"1,62,38,19,683","52,504","72,234",5.51,1.98,0.36,0.14,0.506,9.3,24.2,35.9,24.6,22.9,23.3,29.2
45340,Onkaparinga,"93,805",44,"4,95,48,55,708","47,643","52,821",4.06,1.67,0.41,0.18,0.403,5.0,15.8,26.1,24.0,28.5,29.7,17.8
45400,Orroroo/Carrieton,511,52,"2,64,85,020","39,607","51,830",7.56,2.22,0.29,0.10,0.503,5.8,18.3,31.0,31.2,27.1,20.6,21.0
45540,Peterborough,631,51,"2,88,75,162","38,248","45,761",4.78,1.86,0.39,0.18,0.434,4.5,16.0,27.9,29.0,33.1,24.6,13.3
45680,Playford,"41,523",38,"2,05,67,00,975","46,239","49,532",3.68,1.58,0.43,0.20,0.380,4.6,14.8,24.8,23.7,31.3,31.3,13.7
45890,Port Adelaide Enfield,"66,834",39,"3,61,78,26,205","48,162","54,132",4.29,1.71,0.40,0.18,0.410,5.2,16.1,26.5,24.6,27.3,28.7,19.4
46090,Port Augusta,"6,784",43,"39,91,43,096","51,941","58,836",4.19,1.74,0.41,0.20,0.400,4.6,15.1,25.6,21.7,26.2,27.7,24.5
46300,Port Lincoln,"8,162",44,"44,03,76,088","45,413","53,954",4.29,1.78,0.41,0.17,0.435,6.1,18.1,28.9,24.4,30.2,26.8,18.6
46450,Port Pirie City and Dists,"7,978",45,"43,25,59,583","46,804","54,219",4.89,1.81,0.37,0.15,0.431,5.0,16.3,26.9,25.8,26.9,26.1,21.2
46510,Prospect,"13,195",42,"91,01,16,435","55,600","68,974",4.72,1.83,0.39,0.17,0.454,7.6,20.2,31.2,21.6,23.0,25.8,29.6
46670,Renmark Paringa,"5,210",45,"25,27,56,481","42,099","48,514",4.33,1.69,0.39,0.15,0.445,7.3,19.2,29.9,27.9,32.3,26.2,13.5
46860,Robe,964,52,"4,97,63,991","39,219","51,622",6.54,2.06,0.32,0.10,0.529,6.8,21.8,34.6,31.4,28.9,20.9,18.8
46970,Roxby Downs,"2,554",36,"24,44,70,247","92,398","95,721",3.87,1.59,0.41,0.22,0.357,3.4,12.2,21.9,12.1,15.0,17.7,55.2
47140,Salisbury,"71,582",40,"3,59,08,22,155","46,749","50,164",3.75,1.59,0.42,0.20,0.383,4.6,14.9,24.9,23.9,30.1,31.7,14.4
47290,Southern Mallee,"1,240",47,"7,23,25,478","44,407","58,327",5.56,1.83,0.33,0.12,0.536,14.3,26.9,37.3,28.4,27.2,25.2,19.3
47490,Streaky Bay,"1,265",48,"6,00,30,141","36,920","47,455",6.40,2.11,0.33,0.10,0.522,5.7,20.0,32.6,33.7,28.8,20.6,16.9
47630,Tatiara,"4,431",45,"22,47,16,413","44,707","50,715",4.31,1.68,0.39,0.17,0.446,5.7,18.6,29.2,26.3,30.6,27.9,15.3
47700,Tea Tree Gully,"58,379",44,"3,28,78,72,733","50,362","56,319",4.14,1.70,0.41,0.18,0.404,4.9,15.8,26.1,22.6,26.8,29.3,21.4
47800,The Coorong,"2,826",48,"13,96,60,750","40,617","49,420",4.72,1.78,0.38,0.13,0.480,6.8,20.8,32.2,29.9,30.0,25.8,14.2
47910,Tumby Bay,"1,454",50,"6,10,65,448","35,249","41,998",7.82,2.06,0.26,0.05,0.569,5.4,19.0,31.9,35.8,27.6,21.3,15.3
47980,Unley,"24,682",46,"2,04,12,97,308","57,925","82,704",5.83,1.99,0.34,0.14,0.525,10.3,26.1,37.9,23.0,20.7,22.2,34.0
48050,Victor Harbor,"7,483",54,"32,47,42,672","34,252","43,397",6.86,1.95,0.28,0.08,0.502,7.3,21.0,32.8,37.5,29.7,19.6,13.3
48130,Wakefield,"3,544",46,"18,40,37,347","44,829","51,929",4.74,1.77,0.37,0.13,0.458,5.9,19.0,30.1,27.2,28.7,26.2,18.0
48260,Walkerville,"4,997",48,"52,35,93,177","60,803","1,04,782",6.47,2.15,0.33,0.13,0.596,16.3,34.4,46.0,22.4,19.8,19.9,38.0
48340,Wattle Range,"6,383",48,"34,29,67,079","44,642","53,731",5.17,1.82,0.35,0.14,0.473,7.1,20.0,31.2,27.4,28.4,25.4,18.8
48410,West Torrens,"35,367",40,"2,00,96,46,499","48,326","56,823",4.56,1.77,0.39,0.17,0.433,6.2,18.1,28.8,24.8,26.7,27.1,21.4
48540,Whyalla,"9,981",44,"61,14,20,699","54,196","61,258",4.82,1.78,0.37,0.17,0.412,4.4,14.9,25.3,22.9,23.5,24.2,29.4
48640,Wudinna,724,45,"3,11,82,206","38,672","43,069",9.43,2.04,0.22,0.02,0.638,5.6,20.1,33.3,34.8,24.8,22.4,18.0
48750,Yankalilla,"2,707",53,"12,05,93,503","36,723","44,549",6.52,1.88,0.29,0.09,0.488,6.9,19.7,31.1,34.2,31.2,21.2,13.5
48830,Yorke Peninsula,"5,463",53,"27,44,60,847","38,900","50,240",6.57,2.02,0.31,0.08,0.515,7.2,21.5,33.4,33.0,27.6,21.5,17.9
Western Australia,,"15,00,199",42,"1,03,31,09,13,753","52,671","68,865",5.40,1.94,0.36,0.15,0.487,9.2,22.2,33.4,24.4,23.2,23.5,28.9
50080,Albany,"22,116",47,"1,19,79,64,456","44,489","54,167",5.31,1.90,0.36,0.14,0.463,6.6,19.0,30.1,28.1,27.2,24.2,20.4
50210,Armadale,"47,320",39,"2,89,16,15,345","53,059","61,108",4.55,1.75,0.39,0.17,0.422,5.3,16.7,27.5,22.6,24.2,27.8,25.5
50250,Ashburton,"3,413",39,"33,77,43,600","97,862","98,958",4.41,1.53,0.35,0.15,0.383,4.3,13.3,22.7,15.1,14.2,14.8,55.8
50280,Augusta-Margaret River,"9,955",44,"52,34,08,465","40,000","52,577",5.05,1.99,0.39,0.17,0.482,6.7,20.4,32.5,29.7,29.9,21.9,18.4
50350,Bassendean,"9,065",42,"59,69,29,135","55,928","65,850",4.82,1.77,0.37,0.16,0.439,6.6,18.4,29.0,22.6,22.0,26.2,29.2
50420,Bayswater,"41,255",40,"2,59,76,06,002","52,156","62,965",5.06,1.85,0.37,0.15,0.451,6.2,18.3,29.5,24.3,23.6,25.0,27.2
50490,Belmont,"24,231",37,"1,49,33,29,162","52,284","61,629",4.70,1.80,0.38,0.17,0.433,5.6,17.3,28.3,23.4,24.3,26.5,25.8
50560,Beverley,907,54,"6,18,95,573","47,565","68,242",6.88,2.10,0.31,0.11,0.552,14.4,28.0,39.3,28.7,23.0,22.8,25.6
50630,Boddington,"1,011",45,"7,56,70,340","67,025","74,847",6.14,1.79,0.29,0.10,0.452,4.6,15.8,26.9,22.9,19.1,18.1,39.9
50770,Boyup Brook,"1,020",50,"5,59,54,766","42,438","54,858",6.04,1.99,0.33,0.13,0.514,8.1,21.9,33.5,29.8,27.1,22.2,20.8
50840,Bridgetown-Greenbushes,"2,646",51,"14,16,74,407","41,086","53,543",8.05,2.17,0.27,0.10,0.510,7.0,20.0,32.2,32.6,24.7,20.4,22.3
50910,Brookton,563,50,"3,58,77,998","49,057","63,726",6.31,2.01,0.32,0.13,0.487,5.7,18.6,31.1,26.9,23.9,20.9,28.3
50980,Broome,"8,883",39,"59,08,61,010","56,683","66,516",4.50,1.75,0.39,0.19,0.422,5.9,17.4,27.9,21.1,22.7,26.4,29.8
51080,Broomehill-Tambellup,598,46,"3,70,34,885","51,087","61,931",6.65,1.95,0.29,0.08,0.493,5.2,18.7,30.9,27.1,22.1,22.3,28.5
51120,Bruce Rock,509,48,"4,04,03,632","57,445","79,378",6.72,2.30,0.34,0.11,0.557,6.0,21.1,34.6,23.5,20.2,20.9,35.4
51190,Bunbury,"17,987",45,"1,10,96,18,760","47,482","61,690",5.49,1.97,0.36,0.15,0.481,9.0,21.5,32.7,26.6,25.6,23.1,24.6
51260,Busselton,"23,239",46,"1,30,81,73,908","42,659","56,292",5.63,2.01,0.36,0.14,0.492,7.6,21.1,32.9,28.9,27.9,21.8,21.3
51310,Cambridge,"18,606",47,"2,09,32,07,024","66,887","1,12,502",7.95,2.39,0.30,0.12,0.581,11.6,30.1,43.0,22.6,18.1,16.8,42.5
51330,Canning,"55,695",40,"3,30,42,12,397","46,130","59,327",6.07,1.98,0.33,0.13,0.489,7.9,20.8,32.4,29.1,23.9,23.1,23.8
51400,Capel,"10,223",44,"68,39,23,230","53,405","66,900",5.41,1.95,0.36,0.15,0.463,6.8,18.9,30.2,24.0,22.6,23.0,30.4
51470,Carnamah,384,47,"2,26,23,011","47,701","58,914",4.83,1.80,0.37,0.16,0.481,np,21.8,32.1,26.9,23.8,27.1,22.2
51540,Carnarvon,"2,976",43,"16,55,93,700","44,728","55,643",5.04,1.96,0.39,0.16,0.459,6.0,18.3,29.8,27.7,27.9,22.4,22.0
51610,Chapman Valley,853,47,"5,92,45,808","53,191","69,456",6.50,2.04,0.31,0.10,0.541,8.2,21.2,33.8,26.0,22.1,19.5,32.4
51680,Chittering,"3,319",48,"21,22,32,158","51,746","63,945",5.62,1.99,0.35,0.13,0.470,5.6,18.1,29.7,25.0,23.6,22.8,28.7
51750,Claremont,"6,812",50,"79,71,26,302","61,947","1,17,018",9.23,2.60,0.28,0.12,0.618,14.1,33.3,46.6,25.2,18.0,15.6,41.2
51820,Cockburn,"66,924",40,"4,46,93,53,072","55,334","66,783",4.79,1.84,0.38,0.18,0.440,6.0,18.0,29.1,21.9,23.2,25.3,29.6
51890,Collie,"4,386",46,"28,33,25,074","48,860","64,598",7.76,2.34,0.30,0.10,0.486,5.8,17.1,28.8,28.9,21.7,18.0,31.4
51960,Coolgardie,"1,706",43,"13,38,03,297","65,366","78,431",5.40,1.99,0.37,0.17,0.423,4.1,14.5,25.2,19.1,20.2,20.1,40.6
52030,Coorow,543,53,"3,13,32,298","47,126","57,702",9.35,2.11,0.23,0.04,0.584,6.5,20.4,33.4,31.1,21.3,20.4,27.2
52100,Corrigin,706,49,"5,21,50,260","57,015","73,867",4.77,1.99,0.42,0.19,0.455,5.4,18.6,30.4,20.0,23.0,24.1,32.8
52170,Cottesloe,"5,665",49,"1,20,94,82,922","74,918","2,13,501",8.59,2.36,0.28,0.11,0.749,43.0,56.9,65.8,22.0,15.4,16.2,46.3
52240,Cranbrook,634,48,"3,60,19,320","43,517","56,813",5.46,1.92,0.35,0.09,0.500,6.2,20.9,33.6,29.3,25.9,24.6,20.2
52310,Cuballing,479,50,"2,85,24,295","44,386","59,550",6.19,2.05,0.33,0.11,0.499,np,20.7,32.9,28.6,26.1,20.7,24.6
52380,Cue,96,54,"40,23,011","31,601","41,906",np,np,np,np,np,np,np,np,40.6,19.8,22.9,16.7
52450,Cunderdin,761,44,"4,92,61,238","53,461","64,732",4.54,1.86,0.41,0.18,0.442,5.6,17.8,29.2,21.7,25.4,25.0,27.9
52520,Dalwallinu,984,44,"6,14,67,103","52,549","62,467",5.73,1.81,0.32,0.08,0.565,6.0,21.6,34.9,24.9,22.5,25.3,27.3
52590,Dandaragan,"2,052",49,"12,07,09,617","42,129","58,825",6.52,2.22,0.34,0.09,0.531,7.1,21.6,34.5,30.2,26.6,19.2,24.0
52660,Dardanup,"8,402",43,"52,13,10,847","50,706","62,046",5.49,1.97,0.36,0.16,0.449,5.3,17.0,28.4,24.8,24.5,22.9,27.8
52730,Denmark,"3,538",52,"16,30,38,627","32,864","46,082",7.22,2.22,0.31,0.10,0.534,8.1,23.0,35.5,37.2,29.3,18.1,15.5
52800,Derby-West Kimberley,"2,893",39,"16,33,78,687","48,257","56,474",6.84,1.94,0.28,0.13,0.457,5.1,16.5,27.6,28.8,22.6,22.7,25.9
52870,Donnybrook-Balingup,"3,516",49,"17,84,96,059","38,563","50,767",7.84,2.24,0.29,0.08,0.523,5.7,19.4,31.9,34.5,25.3,18.8,21.4
52940,Dowerin,423,47,"2,79,13,384","45,668","65,989",8.58,2.21,0.26,0.06,0.550,np,23.9,37.2,29.5,24.7,19.5,26.4
53010,Dumbleyung,434,44,"3,12,73,243","59,652","72,058",4.86,1.89,0.39,0.14,0.446,np,17.3,28.5,20.4,20.6,23.8,35.2
53080,Dundas,328,50,"1,78,08,537","48,890","54,294",5.53,1.81,0.33,0.14,0.435,np,14.6,25.7,28.0,23.1,27.7,21.2
53150,East Fremantle,"4,992",48,"47,51,99,774","62,240","95,192",7.23,2.22,0.31,0.13,0.550,10.3,27.1,39.5,23.4,19.0,18.6,39.0
53220,East Pilbara,"2,769",37,"23,91,77,627","78,327","86,377",5.17,1.82,0.35,0.16,0.402,3.6,13.3,23.5,17.8,16.0,19.1,47.2
53290,Esperance,"8,302",45,"55,02,99,066","49,190","66,285",5.25,2.01,0.38,0.17,0.490,7.3,22.2,33.9,24.7,25.8,22.6,26.9
53360,Exmouth,"1,759",41,"11,54,39,222","50,117","65,628",4.59,2.06,0.45,0.24,0.449,5.9,18.3,29.9,20.7,29.0,22.9,27.4
53430,Fremantle,"19,508",44,"1,51,56,84,234","55,294","77,696",6.10,2.05,0.34,0.15,0.516,10.1,24.4,36.1,24.7,21.4,20.6,33.3
53570,Gingin,"3,089",48,"16,19,35,606","37,572","52,423",6.80,2.17,0.32,0.10,0.522,7.3,21.8,34.5,34.3,26.7,19.9,19.1
53640,Gnowangerup,778,44,"6,23,09,347","60,777","80,089",5.92,2.00,0.34,0.15,0.493,5.1,19.9,33.1,22.1,20.0,26.3,31.6
53710,Goomalling,549,48,"3,41,14,970","45,930","62,140",5.34,2.14,0.40,0.14,0.488,4.9,20.2,32.7,25.7,28.6,20.8,25.0
53780,Gosnells,"66,652",40,"3,78,92,31,689","49,343","56,851",4.76,1.77,0.37,0.16,0.432,5.2,16.9,27.9,25.4,25.1,27.5,22.0
53800,Greater Geraldton,"21,948",45,"1,39,29,61,322","51,331","63,466",5.20,1.94,0.37,0.16,0.455,6.6,18.4,29.5,24.2,24.4,23.2,28.2
53920,Halls Creek,870,37,"4,59,55,827","41,528","52,823",6.10,2.04,0.33,0.16,0.454,5.4,17.1,28.6,31.0,25.3,22.6,21.1
53990,Harvey,"16,020",44,"1,01,95,64,533","50,847","63,643",5.74,2.03,0.35,0.14,0.461,5.5,17.5,29.0,25.4,23.8,21.6,29.2
54060,Irwin,"2,015",51,"12,49,96,936","44,919","62,033",7.03,2.27,0.32,0.12,0.503,6.3,19.6,32.2,28.5,25.9,18.0,27.6
54130,Jerramungup,718,45,"5,33,34,627","51,546","74,282",7.34,2.19,0.30,0.09,0.545,7.0,22.6,36.4,26.8,21.2,20.0,32.0
54170,Joondalup,"1,00,991",45,"7,00,53,52,274","53,753","69,366",5.56,1.97,0.35,0.15,0.477,7.2,20.4,32.0,24.2,22.6,22.5,30.6
54200,Kalamunda,"35,026",44,"2,27,00,87,047","52,976","64,811",5.03,1.87,0.37,0.16,0.454,6.4,18.8,29.9,23.6,23.6,24.6,28.2
54280,Kalgoorlie/Boulder,"18,130",39,"1,41,04,23,903","67,751","77,795",4.53,1.79,0.40,0.19,0.406,5.1,15.2,25.4,17.8,19.2,22.4,40.6
54310,Karratha,"12,164",37,"1,11,40,84,928","78,594","91,589",4.88,1.80,0.37,0.16,0.429,5.3,16.7,27.2,16.8,16.3,18.9,47.9
54340,Katanning,"2,285",44,"12,48,56,373","45,903","54,642",4.49,1.84,0.41,0.19,0.428,5.4,17.6,28.6,24.2,32.3,23.4,20.1
54410,Kellerberrin,640,49,"4,12,78,885","47,706","64,498",6.04,1.91,0.32,0.11,0.511,7.3,22.6,35.3,27.1,24.4,24.9,23.6
54480,Kent,305,43,"2,46,90,806","64,545","80,953",5.95,1.97,0.33,0.15,0.491,np,19.0,31.7,21.7,18.1,25.7,34.5
54550,Kojonup,"1,396",47,"8,05,94,542","47,399","57,732",5.81,1.92,0.33,0.10,0.475,5.0,18.1,30.2,27.1,25.4,23.7,23.8
54620,Kondinin,605,47,"4,33,83,585","51,370","71,708",5.92,2.20,0.37,0.18,0.489,5.9,19.6,32.1,22.7,26.5,20.7,30.1
54690,Koorda,243,50,"1,11,63,983","39,379","45,942",12.28,2.18,0.18,0.05,0.591,np,18.1,31.5,36.9,19.9,21.6,21.6
54760,Kulin,510,46,"3,50,57,881","57,937","68,741",5.00,1.85,0.37,0.20,0.434,4.3,16.8,28.3,21.4,21.8,26.5,30.4
54830,Kwinana,"22,119",37,"1,35,07,51,884","54,415","61,067",4.12,1.69,0.41,0.19,0.403,4.8,15.8,26.2,21.0,24.4,29.3,25.2
54900,Lake Grace,957,45,"7,83,23,821","58,754","81,843",6.30,2.10,0.33,0.14,0.512,6.2,21.5,34.1,22.7,19.9,20.6,36.8
54970,Laverton,251,43,"1,44,41,093","51,317","57,534",6.46,1.91,0.30,0.08,0.461,np,15.7,27.9,30.9,17.3,26.1,25.7
55040,Leonora,539,40,"4,02,10,899","70,868","74,603",5.46,1.70,0.31,0.16,0.400,3.6,13.1,23.3,21.3,15.0,22.4,41.4
55110,Mandurah,"45,191",46,"2,84,77,12,459","47,165","63,015",6.69,2.16,0.32,0.12,0.494,7.1,20.1,32.0,28.5,23.7,20.3,27.5
55180,Manjimup,"5,486",48,"26,81,95,589","39,104","48,887",6.11,1.97,0.32,0.12,0.497,7.1,20.1,31.7,32.4,28.0,22.5,17.0
55250,Meekatharra,370,44,"2,30,96,758","52,948","62,424",5.49,1.81,0.33,0.16,0.447,np,17.3,27.9,25.1,20.7,26.7,27.5
55320,Melville,"64,433",46,"5,05,79,23,879","53,416","78,499",7.03,2.15,0.31,0.12,0.541,11.6,26.3,38.2,26.8,20.6,19.7,32.9
55390,Menzies,67,54,"29,67,883","43,735","44,297",np,np,np,np,np,np,np,np,32.4,25.0,29.4,13.2
55460,Merredin,"1,782",45,"11,52,66,904","52,250","64,684",5.08,1.95,0.38,0.16,0.459,6.1,18.8,29.9,22.9,25.2,22.8,29.1
55530,Mingenew,292,44,"2,01,48,368","57,804","69,001",5.05,1.87,0.37,0.17,0.538,np,18.4,32.4,21.2,24.0,22.6,32.2
55600,Moora,"1,422",47,"8,84,71,543","52,223","62,216",4.88,1.73,0.35,0.14,0.471,7.0,20.5,31.6,24.1,23.6,27.9,24.3
55670,Morawa,340,46,"1,88,27,738","47,044","55,376",5.66,1.79,0.32,0.10,0.544,np,20.6,33.6,29.9,23.1,26.0,21.0
55740,Mosman Park,"5,674",46,"76,76,15,390","61,500","1,35,286",8.46,2.45,0.29,0.11,0.675,26.1,44.4,55.7,24.7,17.8,17.4,40.1
55810,Mount Magnet,203,49,"1,20,26,160","45,823","59,242",7.55,2.04,0.27,0.09,0.527,np,23.0,33.6,28.6,25.2,20.4,25.7
55880,Mount Marshall,331,46,"1,57,22,484","37,768","47,500",13.97,2.24,0.16,0.03,0.564,np,19.7,32.4,36.3,22.4,21.5,19.9
55950,Mukinbudin,366,46,"1,88,66,640","43,952","51,548",10.76,2.07,0.19,0.03,0.584,np,20.0,32.5,33.2,22.0,22.0,22.8
56090,Mundaring,"22,650",47,"1,49,10,43,342","51,846","65,830",5.62,1.96,0.35,0.13,0.473,6.6,19.5,31.1,25.3,23.1,22.4,29.2
56160,Murchison,19,55,"13,16,272","72,570","69,277",np,np,np,np,np,np,np,np,np,np,np,np
56230,Murray,"9,081",46,"57,88,32,750","47,526","63,741",7.17,2.27,0.32,0.12,0.492,6.1,18.6,30.4,28.6,23.3,18.2,29.9
56300,Nannup,782,52,"3,52,22,392","33,098","45,041",8.65,2.22,0.26,0.06,0.545,6.3,21.9,34.5,37.2,28.1,19.9,14.8
56370,Narembeen,508,51,"3,56,37,672","53,820","70,153",5.44,1.97,0.36,0.18,0.461,5.6,18.1,29.9,23.9,23.1,19.3,33.7
56460,Narrogin,"2,697",46,"15,91,36,917","49,478","59,005",4.73,1.86,0.39,0.17,0.437,5.6,17.4,28.4,24.1,26.4,25.1,24.4
56580,Nedlands,"14,529",48,"2,04,20,94,895","67,331","1,40,553",9.76,2.66,0.27,0.11,0.652,18.8,38.0,51.2,24.4,16.8,15.4,43.5
56620,Ngaanyatjarraku,np,np,np,np,np,np,np,np,np,np,np,np,np,np,np,np,np
56730,Northam,"5,407",46,"31,77,99,253","49,767","58,776",5.25,1.86,0.35,0.14,0.444,4.8,16.3,27.6,25.9,24.1,24.2,25.8
56790,Northampton,"1,757",51,"9,53,94,689","39,848","54,294",7.26,2.24,0.31,0.12,0.525,6.9,20.8,33.2,32.6,26.6,18.0,22.8
56860,Nungarin,122,47,"56,62,790","40,050","46,416",np,np,np,np,0.595,np,17.8,31.1,37.2,24.0,17.4,21.5
56930,Peppermint Grove,"1,107",51,"31,94,83,173","90,486","2,88,603",10.66,2.84,0.27,0.10,0.754,30.5,52.9,65.4,20.2,15.2,11.1,53.5
57000,Perenjori,272,48,"1,24,94,871","37,204","45,937",7.88,2.57,0.33,0.05,0.844,np,23.2,40.6,31.3,26.1,21.0,21.7
57080,Perth,"18,814",35,"1,56,12,01,518","53,450","82,981",7.93,2.26,0.29,0.11,0.562,11.4,27.8,40.2,27.9,19.6,19.2,33.3
57140,Pingelly,630,51,"3,78,78,545","47,401","60,125",6.03,2.01,0.33,0.14,0.479,5.3,19.1,31.5,27.8,23.8,23.1,25.3
57210,Plantagenet,"3,030",49,"14,98,75,388","40,742","49,464",6.18,1.93,0.31,0.09,0.500,6.2,19.7,31.8,32.2,27.0,23.3,17.5
57280,Port Hedland,"8,774",37,"79,95,68,241","83,516","91,129",4.28,1.72,0.40,0.18,0.391,4.0,13.7,23.9,15.1,15.0,19.7,50.2
57350,Quairading,554,52,"3,98,81,153","56,316","71,988",6.74,2.04,0.30,0.14,0.491,4.6,18.9,32.2,26.0,20.4,22.4,31.2
57420,Ravensthorpe,989,48,"6,67,51,807","52,584","67,494",6.35,1.90,0.30,0.11,0.503,6.7,22.0,33.7,26.0,22.4,22.1,29.5
57490,Rockingham,"71,409",41,"4,71,04,52,897","54,495","65,964",5.09,1.90,0.37,0.17,0.441,5.1,17.0,28.3,22.7,23.2,24.1,30.0
57630,Sandstone,50,59,"20,67,307","38,699","41,346",np,np,np,np,np,np,np,np,40.0,16.0,28.0,16.0
57700,Serpentine-Jarrahdale,"17,103",39,"1,11,92,81,729","55,810","65,444",4.45,1.78,0.40,0.19,0.425,5.7,17.0,27.8,21.0,23.5,26.6,28.9
57770,Shark Bay,489,43,"2,37,90,936","38,960","48,652",6.06,1.99,0.33,0.14,0.460,np,15.9,28.4,33.1,26.6,23.0,17.3
57840,South Perth,"27,486",43,"2,28,50,41,881","57,248","83,135",6.55,2.11,0.32,0.13,0.531,10.4,25.6,37.6,24.7,19.9,20.5,34.9
57910,Stirling,"1,35,410",40,"9,48,86,20,569","53,300","70,073",5.40,1.94,0.36,0.15,0.489,8.8,22.4,33.9,24.3,22.7,23.7,29.3
57980,Subiaco,"11,023",44,"1,09,43,02,257","64,502","99,274",7.15,2.21,0.31,0.12,0.553,9.8,27.1,39.9,22.8,18.1,18.5,40.6
58050,Swan,"79,760",40,"4,94,75,81,552","53,060","62,031",4.37,1.75,0.40,0.19,0.426,6.1,17.5,28.2,22.0,24.7,27.9,25.5
58190,Tammin,233,43,"1,57,14,520","52,000","67,444",5.48,2.14,0.39,0.10,0.472,np,17.5,29.7,24.0,24.0,19.3,32.6
58260,Three Springs,286,47,"1,58,00,652","49,925","55,247",7.30,2.12,0.29,0.09,0.587,np,18.7,29.8,27.9,22.0,21.6,28.6
58330,Toodyay,"2,499",51,"14,80,27,320","46,602","59,235",6.65,2.08,0.31,0.09,0.497,5.6,18.7,30.9,29.5,23.1,21.1,26.3
58400,Trayning,169,52,"1,06,56,992","46,311","63,059",np,np,np,np,0.620,np,24.6,38.4,30.7,24.1,20.5,24.7
58470,Upper Gascoyne,32,54,"23,11,223","59,913","72,226",np,np,np,np,np,np,np,np,np,np,np,np
58510,Victoria Park,"22,035",37,"1,46,78,04,385","53,802","66,612",5.39,1.92,0.36,0.16,0.460,6.0,18.7,30.2,24.4,22.1,24.0,29.5
58540,Victoria Plains,567,48,"4,20,85,560","57,573","74,225",5.97,1.95,0.33,0.10,0.485,6.3,20.5,32.8,23.1,20.5,25.3,31.1
58570,Vincent,"23,681",37,"1,89,15,10,912","60,222","79,875",5.59,1.98,0.36,0.17,0.487,8.2,21.7,33.3,21.8,20.6,21.9,35.8
58610,Wagin,"1,097",49,"5,94,90,266","44,227","54,230",5.46,1.94,0.36,0.16,0.462,5.1,17.7,29.4,27.7,27.9,23.0,21.4
58680,Wandering,276,48,"2,03,80,221","59,916","73,841",5.72,2.03,0.35,0.14,0.450,np,15.7,27.2,21.3,20.2,19.1,39.4
58760,Wanneroo,"1,12,182",40,"6,90,68,86,293","51,659","61,569",4.57,1.81,0.40,0.19,0.431,5.7,17.5,28.5,22.8,25.3,26.5,25.4
58820,Waroona,"2,175",48,"13,68,83,072","48,022","62,935",7.72,2.33,0.30,0.10,0.489,5.3,17.2,29.0,28.4,22.9,18.6,30.2
58890,West Arthur,562,50,"3,54,03,057","50,636","62,995",7.55,2.01,0.27,0.11,0.500,5.3,19.7,32.0,30.2,19.4,22.4,28.1
59030,Westonia,135,46,"91,37,584","59,763","67,686",np,np,np,np,0.613,np,20.3,34.6,22.1,22.1,27.2,28.7
59100,Wickepin,455,49,"2,99,78,235","57,175","65,886",4.99,1.75,0.35,0.13,0.431,np,15.8,27.8,23.2,20.3,28.9,27.6
59170,Williams,638,47,"4,61,62,268","54,914","72,355",4.53,2.01,0.44,0.18,0.470,7.8,21.1,31.8,19.3,25.1,24.2,31.4
59250,Wiluna,146,43,"78,25,426","44,558","53,599",np,np,np,np,0.457,np,16.3,27.8,26.4,29.2,22.2,22.2
59310,Wongan-Ballidu,887,48,"5,37,88,788","50,332","60,641",5.66,1.92,0.34,0.09,0.491,6.0,18.7,30.4,26.3,23.1,24.2,26.4
59320,Woodanilling,248,49,"1,64,86,150","48,732","66,476",6.00,2.23,0.37,0.10,0.483,np,18.0,30.2,27.1,24.3,19.4,29.1
59330,Wyalkatchem,282,51,"1,83,73,978","49,054","65,156",7.78,2.09,0.27,0.07,0.560,np,22.9,37.7,31.7,18.5,23.1,26.7
59340,Wyndham-East Kimberley,"4,124",39,"27,06,59,964","56,800","65,630",4.26,1.72,0.40,0.20,0.416,5.8,17.0,27.3,20.4,23.0,27.0,29.6
59350,Yalgoo,96,47,"45,20,541","35,564","47,089",np,np,np,np,np,np,np,np,35.4,28.1,18.8,17.7
59360,Yilgarn,580,49,"4,11,08,462","57,067","70,877",6.29,1.96,0.31,0.13,0.462,4.5,17.8,29.3,24.3,20.3,19.7,35.7
59370,York,"1,972",51,"11,48,07,268","44,186","58,219",6.33,2.13,0.34,0.12,0.494,5.6,18.5,30.9,29.2,25.4,19.7,25.7
Tasmania,,"2,88,240",45,"15,60,68,46,918","45,546","54,145",4.81,1.78,0.37,0.15,0.450,7.4,19.4,30.0,26.7,28.0,26.5,18.8
60210,Break O'Day,"2,909",52,"11,88,30,570","31,204","40,849",6.65,1.99,0.30,0.09,0.507,7.3,20.9,33.3,39.3,31.1,17.8,11.8
60410,Brighton,"8,358",41,"42,30,25,842","47,345","50,613",3.59,1.59,0.44,0.22,0.371,4.2,14.1,24.1,22.3,31.3,31.5,15.0
60610,Burnie,"9,972",44,"54,73,60,086","45,946","54,890",4.80,1.77,0.37,0.15,0.455,9.0,20.3,30.7,26.5,27.9,26.8,18.8
60810,Central Coast,"11,681",47,"61,74,12,972","45,622","52,856",4.84,1.79,0.37,0.15,0.439,6.3,17.6,28.3,26.2,28.3,26.3,19.2
61010,Central Highlands,"1,195",47,"5,46,79,680","38,312","45,757",5.55,1.79,0.32,0.11,0.521,7.5,21.8,33.0,33.7,29.0,25.0,12.2
61210,Circular Head,"4,413",45,"21,54,25,090","43,870","48,816",4.24,1.69,0.40,0.18,0.425,5.6,16.6,27.1,26.6,29.6,29.3,14.5
61410,Clarence,"32,947",45,"1,90,50,73,168","49,355","57,822",4.46,1.75,0.39,0.16,0.432,6.7,18.4,28.8,23.8,26.7,27.6,21.9
61510,Derwent Valley,"5,158",44,"25,48,66,615","45,435","49,412",4.32,1.67,0.39,0.17,0.402,4.7,15.1,25.3,25.9,28.9,29.8,15.3
61610,Devonport,"13,093",44,"64,47,46,145","42,927","49,244",4.96,1.77,0.36,0.14,0.434,5.9,17.3,28.0,28.6,29.6,25.8,16.1
61810,Dorset,"3,484",48,"15,14,21,225","38,027","43,462",5.39,1.80,0.33,0.12,0.474,6.3,18.2,29.3,32.7,31.3,24.0,12.0
62010,Flinders,527,53,"2,46,47,067","40,095","46,769",6.28,1.77,0.28,0.06,0.498,5.9,19.1,31.3,32.3,29.4,22.8,15.6
62210,George Town,"3,024",48,"15,22,23,203","42,798","50,338",5.07,1.85,0.36,0.16,0.440,5.6,17.1,27.8,28.9,28.0,25.2,17.8
62410,Glamorgan/Spring Bay,"2,554",52,"11,18,42,395","36,267","43,791",5.57,1.86,0.33,0.12,0.472,6.1,18.9,30.6,34.3,31.3,21.7,12.7
62610,Glenorchy,"24,975",41,"1,20,97,56,540","45,269","48,439",4.09,1.62,0.40,0.17,0.390,4.4,14.5,24.6,25.3,30.5,30.3,13.9
62810,Hobart,"34,061",43,"2,24,21,80,987","48,119","65,828",6.39,2.00,0.31,0.12,0.514,9.8,24.6,36.0,28.0,23.5,22.2,26.4
63010,Huon Valley,"9,006",46,"42,51,69,597","40,322","47,210",5.52,1.78,0.32,0.11,0.464,6.9,19.1,29.9,31.0,29.2,25.9,13.9
63210,Kentish,"3,389",48,"15,35,89,737","39,515","45,320",5.89,1.87,0.32,0.10,0.461,4.6,16.6,28.1,32.4,29.1,23.9,14.6
63410,King Island,995,48,"5,29,02,995","45,728","53,169",4.32,1.76,0.41,0.14,0.448,4.9,17.2,28.9,25.2,30.5,25.7,18.7
63610,Kingborough,"21,927",46,"1,26,63,74,795","48,608","57,754",4.89,1.79,0.37,0.15,0.449,7.0,19.2,29.8,25.7,25.6,26.6,22.2
63810,Latrobe,"6,096",47,"33,33,21,978","45,596","54,679",4.49,1.77,0.39,0.16,0.450,8.2,19.7,30.1,25.9,28.3,27.1,18.6
64010,Launceston,"35,466",43,"1,93,46,32,516","45,421","54,549",4.55,1.76,0.39,0.17,0.448,7.8,20.2,30.6,26.3,28.9,26.5,18.2
64210,Meander Valley,"10,897",46,"56,00,77,227","44,593","51,397",4.62,1.76,0.38,0.15,0.434,5.8,17.5,28.1,26.7,29.2,26.8,17.3
64610,Northern Midlands,"7,197",47,"37,53,81,646","44,727","52,158",4.44,1.70,0.38,0.16,0.447,7.5,19.5,30.0,26.2,30.2,27.5,16.1
64810,Sorell,"8,229",44,"42,01,19,681","46,457","51,054",3.90,1.65,0.42,0.20,0.396,5.1,15.6,25.7,24.0,29.8,30.4,15.8
65010,Southern Midlands,"3,278",46,"16,59,22,070","44,242","50,617",4.47,1.70,0.38,0.15,0.452,7.3,19.5,29.9,26.7,30.0,28.6,14.6
65210,Tasman,"1,216",53,"5,07,20,675","34,054","41,711",5.70,1.87,0.33,0.08,0.470,6.2,18.9,30.0,34.9,31.4,23.1,10.7
65410,Waratah/Wynyard,"6,984",47,"36,47,59,054","44,974","52,228",5.05,1.83,0.36,0.13,0.443,5.6,17.2,28.0,27.5,27.9,25.3,19.3
65610,West Coast,"1,972",45,"11,20,20,965","47,304","56,806",6.04,1.95,0.32,0.13,0.450,4.5,15.9,27.5,28.4,23.7,22.5,25.4
65810,West Tamar,"13,196",47,"71,63,15,368","45,423","54,283",5.10,1.85,0.36,0.15,0.455,6.7,18.8,29.7,27.2,27.1,25.3,20.3
Northern Territory,,"1,26,579",39,"9,05,81,29,929","60,636","71,561",4.07,1.71,0.42,0.21,0.423,6.6,18.4,29.0,18.5,21.6,28.2,31.8
70200,Alice Springs,"18,090",40,"1,19,29,96,456","58,323","65,948",4.06,1.69,0.42,0.22,0.401,5.6,16.4,26.5,19.3,22.5,29.0,29.2
70420,Barkly,"1,914",39,"11,17,78,690","52,543","58,401",4.53,1.71,0.38,0.19,0.399,4.4,14.8,25.3,22.4,24.5,29.1,24.0
70540,Belyuen,27,45,"6,09,322","10,577","22,567",np,np,np,np,np,np,np,np,np,np,np,np
70620,Central Desert,302,39,"1,69,21,977","44,420","56,033",5.97,1.95,0.33,0.18,0.442,np,16.1,27.3,30.5,22.3,24.3,23.0
70700,Coomalie,618,49,"3,24,56,395","46,260","52,518",4.92,1.79,0.36,0.14,0.512,6.4,19.3,30.9,27.4,25.3,27.3,20.0
71000,Darwin,"54,557",38,"4,13,48,90,769","61,643","75,790",4.10,1.74,0.42,0.21,0.441,8.0,20.6,31.2,18.0,21.4,27.4,33.1
71300,East Arnhem,556,38,"2,65,93,970","29,867","47,831",8.39,2.72,0.32,0.18,0.514,4.0,18.7,33.1,41.0,23.9,16.0,19.1
72200,Katherine,"5,597",38,"35,78,37,370","59,992","63,934",3.65,1.57,0.43,0.21,0.380,4.4,14.7,24.5,18.6,20.9,31.9,28.6
72300,Litchfield,"12,848",43,"95,10,12,357","64,406","74,020",3.81,1.70,0.45,0.23,0.406,4.7,16.3,27.2,16.5,20.4,28.7,34.5
72330,MacDonnell,381,37,"1,70,61,034","33,061","44,780",6.22,2.13,0.34,0.18,0.462,np,17.0,29.2,39.4,24.7,21.0,15.0
72800,Palmerston,"22,263",36,"1,67,37,69,107","66,804","75,182",3.26,1.61,0.49,0.26,0.380,4.6,15.9,26.3,14.3,19.6,31.2,34.8
73600,Roper Gulf,878,39,"3,90,84,467","36,280","44,515",5.65,2.01,0.36,0.18,0.451,4.0,15.8,28.0,33.1,32.0,19.6,15.3
74050,Tiwi Islands,301,39,"1,41,02,084","35,849","46,851",4.92,2.16,0.44,0.30,0.417,np,15.4,26.8,27.9,37.5,16.9,17.6
74550,Victoria Daly,610,40,"2,62,48,894","35,928","43,031",6.34,1.98,0.31,0.15,0.520,6.3,18.4,31.1,36.1,28.5,22.0,13.4
74560,Wagait,263,50,"1,86,79,704","62,104","71,025",4.48,1.77,0.39,0.11,0.424,np,16.5,27.3,19.5,19.5,25.7,35.2
74660,West Arnhem,"1,090",38,"6,37,80,934","47,876","58,515",5.87,2.00,0.34,0.17,0.449,5.2,16.5,28.0,29.3,22.3,22.7,25.7
74680,West Daly,470,38,"2,02,64,269","32,812","43,115",5.91,2.21,0.37,0.20,0.455,np,17.4,29.3,35.9,34.2,16.0,13.9
Australian Capital Territory,,"2,69,608",41,"20,14,73,19,133","64,332","74,728",4.16,1.69,0.40,0.19,0.424,6.6,18.4,28.8,18.2,20.2,26.5,35.2
89399,Unincorporated ACT,"2,69,562",41,"20,13,86,63,461","64,321","74,709",4.16,1.69,0.41,0.19,0.424,6.6,18.4,28.8,18.2,20.2,26.5,35.1
,,,,,,,,,,,,,,,,,,
Totals may not align with the sum of their components due to missing or unpublished information in the underlying data and perturbation.,,,,,,,,,,,,,,,,,,
np - not published to protect the confidentiality of individuals or businesses.,,,,,,,,,,,,,,,,,,
,,,,,,,,,,,,,,,,,,
,,,,,,,,,,,,,,,,,,